--begin custom indexes data
create unique index IDX_ERP_ORDER_ITEM_ID_ITEM_ID_uniqueItemInOrderindex on ERP_ORDER_ITEM (ORDER_ID, ITEM_ID);
--end custom indexes data

--begin country init data
INSERT INTO PUBLIC.ERP_COUNTRY (ID, VERSION, CREATE_TS, CREATED_BY, UPDATE_TS, UPDATED_BY, DELETE_TS, DELETED_BY, COUNTRY_CODE, COUNTRY) VALUES ('015f6ef2-e52a-4c8b-e5ab-9952b8d98bf1', 1, '2019-12-12 10:22:08.879000', 'admin', '2019-12-12 10:22:08.879000', null, null, null, 'TJ', 'Tajikistan');
INSERT INTO PUBLIC.ERP_COUNTRY (ID, VERSION, CREATE_TS, CREATED_BY, UPDATE_TS, UPDATED_BY, DELETE_TS, DELETED_BY, COUNTRY_CODE, COUNTRY) VALUES ('020d90e2-5298-1059-d316-c6035c2acee5', 1, '2019-12-12 10:22:08.878000', 'admin', '2019-12-12 10:22:08.878000', null, null, null, 'PG', 'Papua New Guinea');
INSERT INTO PUBLIC.ERP_COUNTRY (ID, VERSION, CREATE_TS, CREATED_BY, UPDATE_TS, UPDATED_BY, DELETE_TS, DELETED_BY, COUNTRY_CODE, COUNTRY) VALUES ('02992860-f52e-7ead-aa50-6b2efa960b0e', 1, '2019-12-12 10:22:08.863000', 'admin', '2019-12-12 10:22:08.863000', null, null, null, 'BG', 'Bulgaria');
INSERT INTO PUBLIC.ERP_COUNTRY (ID, VERSION, CREATE_TS, CREATED_BY, UPDATE_TS, UPDATED_BY, DELETE_TS, DELETED_BY, COUNTRY_CODE, COUNTRY) VALUES ('031bd753-6087-4c9c-58ca-b3082e8fc58e', 1, '2019-12-12 10:22:08.865000', 'admin', '2019-12-12 10:22:08.865000', null, null, null, 'DO', 'Dominican Republic');
INSERT INTO PUBLIC.ERP_COUNTRY (ID, VERSION, CREATE_TS, CREATED_BY, UPDATE_TS, UPDATED_BY, DELETE_TS, DELETED_BY, COUNTRY_CODE, COUNTRY) VALUES ('05b5cc1a-78f3-7e33-88d7-48542992ac67', 1, '2019-12-12 10:22:08.863000', 'admin', '2019-12-12 10:22:08.863000', null, null, null, 'BS', 'Bahamas');
INSERT INTO PUBLIC.ERP_COUNTRY (ID, VERSION, CREATE_TS, CREATED_BY, UPDATE_TS, UPDATED_BY, DELETE_TS, DELETED_BY, COUNTRY_CODE, COUNTRY) VALUES ('05d88081-6dfa-005f-a561-6c63f595b7ce', 1, '2019-12-12 10:22:08.878000', 'admin', '2019-12-12 10:22:08.878000', null, null, null, 'MX', 'Mexico');
INSERT INTO PUBLIC.ERP_COUNTRY (ID, VERSION, CREATE_TS, CREATED_BY, UPDATE_TS, UPDATED_BY, DELETE_TS, DELETED_BY, COUNTRY_CODE, COUNTRY) VALUES ('06cd0d00-18ab-69f9-dc01-fb422fd36287', 1, '2019-12-12 10:22:08.878000', 'admin', '2019-12-12 10:22:08.878000', null, null, null, 'NO', 'Norway');
INSERT INTO PUBLIC.ERP_COUNTRY (ID, VERSION, CREATE_TS, CREATED_BY, UPDATE_TS, UPDATED_BY, DELETE_TS, DELETED_BY, COUNTRY_CODE, COUNTRY) VALUES ('08a8eb0f-f60a-2a29-b5f0-2d492dafa2c6', 1, '2019-12-12 10:22:08.863000', 'admin', '2019-12-12 10:22:08.863000', null, null, null, 'BO', 'Bolivia, Plurinational State of');
INSERT INTO PUBLIC.ERP_COUNTRY (ID, VERSION, CREATE_TS, CREATED_BY, UPDATE_TS, UPDATED_BY, DELETE_TS, DELETED_BY, COUNTRY_CODE, COUNTRY) VALUES ('09cd8890-f1f1-61cf-662e-e3ae3dd1bbca', 1, '2019-12-12 10:22:08.865000', 'admin', '2019-12-12 10:22:08.865000', null, null, null, 'FM', 'Micronesia, Federated States of');
INSERT INTO PUBLIC.ERP_COUNTRY (ID, VERSION, CREATE_TS, CREATED_BY, UPDATE_TS, UPDATED_BY, DELETE_TS, DELETED_BY, COUNTRY_CODE, COUNTRY) VALUES ('0b60ec68-4bbc-ec9c-7ea3-12f2692d98f6', 1, '2019-12-12 10:22:08.879000', 'admin', '2019-12-12 10:22:08.879000', null, null, null, 'TV', 'Tuvalu');
INSERT INTO PUBLIC.ERP_COUNTRY (ID, VERSION, CREATE_TS, CREATED_BY, UPDATE_TS, UPDATED_BY, DELETE_TS, DELETED_BY, COUNTRY_CODE, COUNTRY) VALUES ('0cfb45af-ef1d-ec3c-66c2-a0bdf6f793a0', 1, '2019-12-12 10:22:08.879000', 'admin', '2019-12-12 10:22:08.879000', null, null, null, 'SC', 'Seychelles');
INSERT INTO PUBLIC.ERP_COUNTRY (ID, VERSION, CREATE_TS, CREATED_BY, UPDATE_TS, UPDATED_BY, DELETE_TS, DELETED_BY, COUNTRY_CODE, COUNTRY) VALUES ('0dea3d18-fee3-4e9b-aae0-502308b9b877', 1, '2019-12-12 10:22:08.878000', 'admin', '2019-12-12 10:22:08.878000', null, null, null, 'MG', 'Madagascar');
INSERT INTO PUBLIC.ERP_COUNTRY (ID, VERSION, CREATE_TS, CREATED_BY, UPDATE_TS, UPDATED_BY, DELETE_TS, DELETED_BY, COUNTRY_CODE, COUNTRY) VALUES ('0f928761-907c-9039-13f6-2d602e21a456', 1, '2019-12-12 10:22:08.879000', 'admin', '2019-12-12 10:22:08.879000', null, null, null, 'ZM', 'Zambia');
INSERT INTO PUBLIC.ERP_COUNTRY (ID, VERSION, CREATE_TS, CREATED_BY, UPDATE_TS, UPDATED_BY, DELETE_TS, DELETED_BY, COUNTRY_CODE, COUNTRY) VALUES ('102afddf-d5d0-1d4e-0a6d-39f468bacc00', 1, '2019-12-12 10:22:08.871000', 'admin', '2019-12-12 10:22:08.871000', null, null, null, 'MA', 'Morocco');
INSERT INTO PUBLIC.ERP_COUNTRY (ID, VERSION, CREATE_TS, CREATED_BY, UPDATE_TS, UPDATED_BY, DELETE_TS, DELETED_BY, COUNTRY_CODE, COUNTRY) VALUES ('11d35da9-5739-faa6-667b-e2a193785285', 1, '2019-12-12 10:22:08.863000', 'admin', '2019-12-12 10:22:08.863000', null, null, null, 'BT', 'Bhutan');
INSERT INTO PUBLIC.ERP_COUNTRY (ID, VERSION, CREATE_TS, CREATED_BY, UPDATE_TS, UPDATED_BY, DELETE_TS, DELETED_BY, COUNTRY_CODE, COUNTRY) VALUES ('12cd55b3-8dbc-ba33-1da4-379e7a9d0827', 1, '2019-12-12 10:22:08.863000', 'admin', '2019-12-12 10:22:08.863000', null, null, null, 'CF', 'Central African Republic');
INSERT INTO PUBLIC.ERP_COUNTRY (ID, VERSION, CREATE_TS, CREATED_BY, UPDATE_TS, UPDATED_BY, DELETE_TS, DELETED_BY, COUNTRY_CODE, COUNTRY) VALUES ('134f693a-b588-5714-a39a-1d755e0f2b92', 1, '2019-12-12 10:22:08.865000', 'admin', '2019-12-12 10:22:08.865000', null, null, null, 'EG', 'Egypt');
INSERT INTO PUBLIC.ERP_COUNTRY (ID, VERSION, CREATE_TS, CREATED_BY, UPDATE_TS, UPDATED_BY, DELETE_TS, DELETED_BY, COUNTRY_CODE, COUNTRY) VALUES ('149ef0c4-dc39-4730-3664-d4d0076dc229', 1, '2019-12-12 10:22:08.879000', 'admin', '2019-12-12 10:22:08.879000', null, null, null, 'SV', 'El Salvador');
INSERT INTO PUBLIC.ERP_COUNTRY (ID, VERSION, CREATE_TS, CREATED_BY, UPDATE_TS, UPDATED_BY, DELETE_TS, DELETED_BY, COUNTRY_CODE, COUNTRY) VALUES ('14e2dbfe-23ed-6274-6c36-4ac85615afd5', 1, '2019-12-12 10:22:08.867000', 'admin', '2019-12-12 10:22:08.867000', null, null, null, 'LS', 'Lesotho');
INSERT INTO PUBLIC.ERP_COUNTRY (ID, VERSION, CREATE_TS, CREATED_BY, UPDATE_TS, UPDATED_BY, DELETE_TS, DELETED_BY, COUNTRY_CODE, COUNTRY) VALUES ('152aff29-c575-5eb2-b0d2-ae94d916e7b2', 1, '2019-12-12 10:22:08.878000', 'admin', '2019-12-12 10:22:08.878000', null, null, null, 'NU', 'Niue');
INSERT INTO PUBLIC.ERP_COUNTRY (ID, VERSION, CREATE_TS, CREATED_BY, UPDATE_TS, UPDATED_BY, DELETE_TS, DELETED_BY, COUNTRY_CODE, COUNTRY) VALUES ('156e1189-faef-289c-11aa-8c5babc7bb10', 1, '2019-12-12 10:22:08.880000', 'admin', '2019-12-12 10:22:08.880000', null, null, null, 'IM', 'Isle of Man');
INSERT INTO PUBLIC.ERP_COUNTRY (ID, VERSION, CREATE_TS, CREATED_BY, UPDATE_TS, UPDATED_BY, DELETE_TS, DELETED_BY, COUNTRY_CODE, COUNTRY) VALUES ('164cf714-a63f-c891-b268-681f56a76b51', 1, '2019-12-12 10:22:08.866000', 'admin', '2019-12-12 10:22:08.866000', null, null, null, 'JO', 'Jordan');
INSERT INTO PUBLIC.ERP_COUNTRY (ID, VERSION, CREATE_TS, CREATED_BY, UPDATE_TS, UPDATED_BY, DELETE_TS, DELETED_BY, COUNTRY_CODE, COUNTRY) VALUES ('169a4ed4-b0bd-44b0-b74c-da9fbba72b5d', 1, '2019-12-12 10:22:08.863000', 'admin', '2019-12-12 10:22:08.863000', null, null, null, 'CX', 'Christmas Island');
INSERT INTO PUBLIC.ERP_COUNTRY (ID, VERSION, CREATE_TS, CREATED_BY, UPDATE_TS, UPDATED_BY, DELETE_TS, DELETED_BY, COUNTRY_CODE, COUNTRY) VALUES ('17ff6f1d-0de1-9d27-5e90-22845efaa8f5', 1, '2019-12-12 10:22:08.879000', 'admin', '2019-12-12 10:22:08.879000', null, null, null, 'ZW', 'Zimbabwe');
INSERT INTO PUBLIC.ERP_COUNTRY (ID, VERSION, CREATE_TS, CREATED_BY, UPDATE_TS, UPDATED_BY, DELETE_TS, DELETED_BY, COUNTRY_CODE, COUNTRY) VALUES ('1809cffc-8a8d-9830-8ccd-708ce45caa2d', 1, '2019-12-12 10:22:08.878000', 'admin', '2019-12-12 10:22:08.878000', null, null, null, 'NR', 'Nauru');
INSERT INTO PUBLIC.ERP_COUNTRY (ID, VERSION, CREATE_TS, CREATED_BY, UPDATE_TS, UPDATED_BY, DELETE_TS, DELETED_BY, COUNTRY_CODE, COUNTRY) VALUES ('18c27b73-b20e-d876-5289-73da24df859f', 1, '2019-12-12 10:22:08.878000', 'admin', '2019-12-12 10:22:08.878000', null, null, null, 'OM', 'Oman');
INSERT INTO PUBLIC.ERP_COUNTRY (ID, VERSION, CREATE_TS, CREATED_BY, UPDATE_TS, UPDATED_BY, DELETE_TS, DELETED_BY, COUNTRY_CODE, COUNTRY) VALUES ('18fd224f-2104-9c68-1beb-80885dca13c2', 1, '2019-12-12 10:22:08.879000', 'admin', '2019-12-12 10:22:08.879000', null, null, null, 'ZA', 'South Africa');
INSERT INTO PUBLIC.ERP_COUNTRY (ID, VERSION, CREATE_TS, CREATED_BY, UPDATE_TS, UPDATED_BY, DELETE_TS, DELETED_BY, COUNTRY_CODE, COUNTRY) VALUES ('1a872e37-f0f6-692c-9a92-c18ed7a7b03d', 1, '2019-12-12 10:22:08.879000', 'admin', '2019-12-12 10:22:08.879000', null, null, null, 'SY', 'Syrian Arab Republic');
INSERT INTO PUBLIC.ERP_COUNTRY (ID, VERSION, CREATE_TS, CREATED_BY, UPDATE_TS, UPDATED_BY, DELETE_TS, DELETED_BY, COUNTRY_CODE, COUNTRY) VALUES ('1c02a50b-3a24-d691-1040-1f4e01862917', 1, '2019-12-12 10:22:08.879000', 'admin', '2019-12-12 10:22:08.879000', null, null, null, 'UG', 'Uganda');
INSERT INTO PUBLIC.ERP_COUNTRY (ID, VERSION, CREATE_TS, CREATED_BY, UPDATE_TS, UPDATED_BY, DELETE_TS, DELETED_BY, COUNTRY_CODE, COUNTRY) VALUES ('20b9bf79-c7f2-5cb7-78a8-cbf348073b76', 1, '2019-12-12 10:22:08.852000', 'admin', '2019-12-12 10:22:08.852000', null, null, null, 'AF', 'Afghanistan');
INSERT INTO PUBLIC.ERP_COUNTRY (ID, VERSION, CREATE_TS, CREATED_BY, UPDATE_TS, UPDATED_BY, DELETE_TS, DELETED_BY, COUNTRY_CODE, COUNTRY) VALUES ('20cd6d76-f0f4-0834-5600-f06b379ea9ac', 1, '2019-12-12 10:22:08.879000', 'admin', '2019-12-12 10:22:08.879000', null, null, null, 'PR', 'Puerto Rico');
INSERT INTO PUBLIC.ERP_COUNTRY (ID, VERSION, CREATE_TS, CREATED_BY, UPDATE_TS, UPDATED_BY, DELETE_TS, DELETED_BY, COUNTRY_CODE, COUNTRY) VALUES ('2172f826-b3e7-7004-51f6-432f5f4983fe', 1, '2019-12-12 10:22:08.879000', 'admin', '2019-12-12 10:22:08.879000', null, null, null, 'SG', 'Singapore');
INSERT INTO PUBLIC.ERP_COUNTRY (ID, VERSION, CREATE_TS, CREATED_BY, UPDATE_TS, UPDATED_BY, DELETE_TS, DELETED_BY, COUNTRY_CODE, COUNTRY) VALUES ('234e9523-7797-623a-9725-473553cbe25a', 1, '2019-12-12 10:22:08.879000', 'admin', '2019-12-12 10:22:08.879000', null, null, null, 'PW', 'Palau');
INSERT INTO PUBLIC.ERP_COUNTRY (ID, VERSION, CREATE_TS, CREATED_BY, UPDATE_TS, UPDATED_BY, DELETE_TS, DELETED_BY, COUNTRY_CODE, COUNTRY) VALUES ('2351a647-c5d3-e73d-901d-2333aaaf80ca', 1, '2019-12-12 10:22:08.878000', 'admin', '2019-12-12 10:22:08.878000', null, null, null, 'MR', 'Mauritania');
INSERT INTO PUBLIC.ERP_COUNTRY (ID, VERSION, CREATE_TS, CREATED_BY, UPDATE_TS, UPDATED_BY, DELETE_TS, DELETED_BY, COUNTRY_CODE, COUNTRY) VALUES ('24d29998-665d-8844-41ca-2dded034677e', 1, '2019-12-12 10:22:08.866000', 'admin', '2019-12-12 10:22:08.866000', null, null, null, 'HK', 'Hong Kong');
INSERT INTO PUBLIC.ERP_COUNTRY (ID, VERSION, CREATE_TS, CREATED_BY, UPDATE_TS, UPDATED_BY, DELETE_TS, DELETED_BY, COUNTRY_CODE, COUNTRY) VALUES ('24eeb3a7-c05c-7dcb-af4d-190854c0b65c', 1, '2019-12-12 10:22:08.880000', 'admin', '2019-12-12 10:22:08.880000', null, null, null, 'BQ', 'Bonaire, Sint Eustatius and Saba');
INSERT INTO PUBLIC.ERP_COUNTRY (ID, VERSION, CREATE_TS, CREATED_BY, UPDATE_TS, UPDATED_BY, DELETE_TS, DELETED_BY, COUNTRY_CODE, COUNTRY) VALUES ('25cbc18d-02b1-69a1-e953-98b99b5b3b3e', 1, '2019-12-12 10:22:08.865000', 'admin', '2019-12-12 10:22:08.865000', null, null, null, 'GD', 'Grenada');
INSERT INTO PUBLIC.ERP_COUNTRY (ID, VERSION, CREATE_TS, CREATED_BY, UPDATE_TS, UPDATED_BY, DELETE_TS, DELETED_BY, COUNTRY_CODE, COUNTRY) VALUES ('269fece4-8fd6-026a-46cf-c882b20c9171', 1, '2019-12-12 10:22:08.863000', 'admin', '2019-12-12 10:22:08.863000', null, null, null, 'CR', 'Costa Rica');
INSERT INTO PUBLIC.ERP_COUNTRY (ID, VERSION, CREATE_TS, CREATED_BY, UPDATE_TS, UPDATED_BY, DELETE_TS, DELETED_BY, COUNTRY_CODE, COUNTRY) VALUES ('27863ba8-2663-b374-fc10-e14cce670824', 1, '2019-12-12 10:22:08.878000', 'admin', '2019-12-12 10:22:08.878000', null, null, null, 'PF', 'French Polynesia');
INSERT INTO PUBLIC.ERP_COUNTRY (ID, VERSION, CREATE_TS, CREATED_BY, UPDATE_TS, UPDATED_BY, DELETE_TS, DELETED_BY, COUNTRY_CODE, COUNTRY) VALUES ('27c0276c-5d09-f72b-c070-73ac4fc75ddc', 1, '2019-12-12 10:22:08.866000', 'admin', '2019-12-12 10:22:08.866000', null, null, null, 'GY', 'Guyana');
INSERT INTO PUBLIC.ERP_COUNTRY (ID, VERSION, CREATE_TS, CREATED_BY, UPDATE_TS, UPDATED_BY, DELETE_TS, DELETED_BY, COUNTRY_CODE, COUNTRY) VALUES ('28c15f71-7306-d190-1fe8-51454b20f415', 1, '2019-12-12 10:22:08.866000', 'admin', '2019-12-12 10:22:08.866000', null, null, null, 'HR', 'Croatia');
INSERT INTO PUBLIC.ERP_COUNTRY (ID, VERSION, CREATE_TS, CREATED_BY, UPDATE_TS, UPDATED_BY, DELETE_TS, DELETED_BY, COUNTRY_CODE, COUNTRY) VALUES ('28fcf6d0-4ed4-921b-b977-f11c20568f63', 1, '2019-12-12 10:22:08.866000', 'admin', '2019-12-12 10:22:08.866000', null, null, null, 'ID', 'Indonesia');
INSERT INTO PUBLIC.ERP_COUNTRY (ID, VERSION, CREATE_TS, CREATED_BY, UPDATE_TS, UPDATED_BY, DELETE_TS, DELETED_BY, COUNTRY_CODE, COUNTRY) VALUES ('2a2eab0f-2bbb-4aac-7373-82bab6f38ef9', 1, '2019-12-12 10:22:08.880000', 'admin', '2019-12-12 10:22:08.880000', null, null, null, 'AX', 'Åland Islands');
INSERT INTO PUBLIC.ERP_COUNTRY (ID, VERSION, CREATE_TS, CREATED_BY, UPDATE_TS, UPDATED_BY, DELETE_TS, DELETED_BY, COUNTRY_CODE, COUNTRY) VALUES ('2d48da4b-e17e-b57f-7bcd-d08d6729c46d', 1, '2019-12-12 10:22:08.880000', 'admin', '2019-12-12 10:22:08.880000', null, null, null, 'SX', 'Sint Maarten (Dutch Part)');
INSERT INTO PUBLIC.ERP_COUNTRY (ID, VERSION, CREATE_TS, CREATED_BY, UPDATE_TS, UPDATED_BY, DELETE_TS, DELETED_BY, COUNTRY_CODE, COUNTRY) VALUES ('2d4ef304-df0c-1908-9c5a-19e08c1edb30', 1, '2019-12-12 10:22:08.878000', 'admin', '2019-12-12 10:22:08.878000', null, null, null, 'NI', 'Nicaragua');
INSERT INTO PUBLIC.ERP_COUNTRY (ID, VERSION, CREATE_TS, CREATED_BY, UPDATE_TS, UPDATED_BY, DELETE_TS, DELETED_BY, COUNTRY_CODE, COUNTRY) VALUES ('2d8a7fb6-051f-5bd7-814a-c31d5d7e4b85', 1, '2019-12-12 10:22:08.878000', 'admin', '2019-12-12 10:22:08.878000', null, null, null, 'PL', 'Poland');
INSERT INTO PUBLIC.ERP_COUNTRY (ID, VERSION, CREATE_TS, CREATED_BY, UPDATE_TS, UPDATED_BY, DELETE_TS, DELETED_BY, COUNTRY_CODE, COUNTRY) VALUES ('2db47427-0975-7a09-a921-e05b18febfb3', 1, '2019-12-12 10:22:08.879000', 'admin', '2019-12-12 10:22:08.879000', null, null, null, 'UY', 'Uruguay');
INSERT INTO PUBLIC.ERP_COUNTRY (ID, VERSION, CREATE_TS, CREATED_BY, UPDATE_TS, UPDATED_BY, DELETE_TS, DELETED_BY, COUNTRY_CODE, COUNTRY) VALUES ('2e90952e-9a4d-77e9-a5e6-36dc73cc0e19', 1, '2019-12-12 10:22:08.878000', 'admin', '2019-12-12 10:22:08.878000', null, null, null, 'MZ', 'Mozambique');
INSERT INTO PUBLIC.ERP_COUNTRY (ID, VERSION, CREATE_TS, CREATED_BY, UPDATE_TS, UPDATED_BY, DELETE_TS, DELETED_BY, COUNTRY_CODE, COUNTRY) VALUES ('2f2c2c4a-a20a-9583-42c6-57f28d83bc44', 1, '2019-12-12 10:22:08.868000', 'admin', '2019-12-12 10:22:08.868000', null, null, null, 'LV', 'Latvia');
INSERT INTO PUBLIC.ERP_COUNTRY (ID, VERSION, CREATE_TS, CREATED_BY, UPDATE_TS, UPDATED_BY, DELETE_TS, DELETED_BY, COUNTRY_CODE, COUNTRY) VALUES ('2f6241a2-0ea0-5548-4434-da68a3b2a2bf', 1, '2019-12-12 10:22:08.866000', 'admin', '2019-12-12 10:22:08.866000', null, null, null, 'KZ', 'Kazakhstan');
INSERT INTO PUBLIC.ERP_COUNTRY (ID, VERSION, CREATE_TS, CREATED_BY, UPDATE_TS, UPDATED_BY, DELETE_TS, DELETED_BY, COUNTRY_CODE, COUNTRY) VALUES ('30422ac6-0f12-f7d8-e0d9-51d9ffaae51a', 1, '2019-12-12 10:22:08.866000', 'admin', '2019-12-12 10:22:08.866000', null, null, null, 'KE', 'Kenya');
INSERT INTO PUBLIC.ERP_COUNTRY (ID, VERSION, CREATE_TS, CREATED_BY, UPDATE_TS, UPDATED_BY, DELETE_TS, DELETED_BY, COUNTRY_CODE, COUNTRY) VALUES ('326b90fa-cb81-c88d-c3e0-dc073e5b4f3c', 1, '2019-12-12 10:22:08.879000', 'admin', '2019-12-12 10:22:08.879000', null, null, null, 'TD', 'Chad');
INSERT INTO PUBLIC.ERP_COUNTRY (ID, VERSION, CREATE_TS, CREATED_BY, UPDATE_TS, UPDATED_BY, DELETE_TS, DELETED_BY, COUNTRY_CODE, COUNTRY) VALUES ('32d62c37-6f15-4afa-fe66-d1efeddef7b3', 1, '2019-12-12 10:22:08.863000', 'admin', '2019-12-12 10:22:08.863000', null, null, null, 'BZ', 'Belize');
INSERT INTO PUBLIC.ERP_COUNTRY (ID, VERSION, CREATE_TS, CREATED_BY, UPDATE_TS, UPDATED_BY, DELETE_TS, DELETED_BY, COUNTRY_CODE, COUNTRY) VALUES ('32df5050-9ba9-8dc0-8483-7948adee2f87', 1, '2019-12-12 10:22:08.863000', 'admin', '2019-12-12 10:22:08.863000', null, null, null, 'BY', 'Belarus');
INSERT INTO PUBLIC.ERP_COUNTRY (ID, VERSION, CREATE_TS, CREATED_BY, UPDATE_TS, UPDATED_BY, DELETE_TS, DELETED_BY, COUNTRY_CODE, COUNTRY) VALUES ('33d69615-f2ef-d67a-bceb-0f1df1551a06', 1, '2019-12-12 10:22:08.879000', 'admin', '2019-12-12 10:22:08.879000', null, null, null, 'RW', 'Rwanda');
INSERT INTO PUBLIC.ERP_COUNTRY (ID, VERSION, CREATE_TS, CREATED_BY, UPDATE_TS, UPDATED_BY, DELETE_TS, DELETED_BY, COUNTRY_CODE, COUNTRY) VALUES ('349e1245-fba0-1c74-889d-141f57f2179d', 1, '2019-12-12 10:22:08.879000', 'admin', '2019-12-12 10:22:08.879000', null, null, null, 'VE', 'Venezuela');
INSERT INTO PUBLIC.ERP_COUNTRY (ID, VERSION, CREATE_TS, CREATED_BY, UPDATE_TS, UPDATED_BY, DELETE_TS, DELETED_BY, COUNTRY_CODE, COUNTRY) VALUES ('350dc669-6462-062e-327d-0a7f425b1912', 1, '2019-12-12 10:22:08.878000', 'admin', '2019-12-12 10:22:08.878000', null, null, null, 'MD', 'Moldova, Republic of');
INSERT INTO PUBLIC.ERP_COUNTRY (ID, VERSION, CREATE_TS, CREATED_BY, UPDATE_TS, UPDATED_BY, DELETE_TS, DELETED_BY, COUNTRY_CODE, COUNTRY) VALUES ('3770e001-241c-84f0-cf2f-cfacf5507194', 1, '2019-12-12 10:22:08.863000', 'admin', '2019-12-12 10:22:08.863000', null, null, null, 'CA', 'Canada');
INSERT INTO PUBLIC.ERP_COUNTRY (ID, VERSION, CREATE_TS, CREATED_BY, UPDATE_TS, UPDATED_BY, DELETE_TS, DELETED_BY, COUNTRY_CODE, COUNTRY) VALUES ('37cc3a6c-9092-963f-2f7f-7a65661766bc', 1, '2019-12-12 10:22:08.862000', 'admin', '2019-12-12 10:22:08.862000', null, null, null, 'AM', 'Armenia');
INSERT INTO PUBLIC.ERP_COUNTRY (ID, VERSION, CREATE_TS, CREATED_BY, UPDATE_TS, UPDATED_BY, DELETE_TS, DELETED_BY, COUNTRY_CODE, COUNTRY) VALUES ('383c2a4f-f923-96e3-3511-66396474081d', 1, '2019-12-12 10:22:08.862000', 'admin', '2019-12-12 10:22:08.862000', null, null, null, 'AW', 'Aruba');
INSERT INTO PUBLIC.ERP_COUNTRY (ID, VERSION, CREATE_TS, CREATED_BY, UPDATE_TS, UPDATED_BY, DELETE_TS, DELETED_BY, COUNTRY_CODE, COUNTRY) VALUES ('3873d15f-99c1-9f08-aee5-2740eb97998d', 1, '2019-12-12 10:22:08.878000', 'admin', '2019-12-12 10:22:08.878000', null, null, null, 'MO', 'Macao');
INSERT INTO PUBLIC.ERP_COUNTRY (ID, VERSION, CREATE_TS, CREATED_BY, UPDATE_TS, UPDATED_BY, DELETE_TS, DELETED_BY, COUNTRY_CODE, COUNTRY) VALUES ('397babaf-4ec5-6eb4-f1fc-31518940b6c0', 1, '2019-12-12 10:22:08.879000', 'admin', '2019-12-12 10:22:08.879000', null, null, null, 'SD', 'Sudan');
INSERT INTO PUBLIC.ERP_COUNTRY (ID, VERSION, CREATE_TS, CREATED_BY, UPDATE_TS, UPDATED_BY, DELETE_TS, DELETED_BY, COUNTRY_CODE, COUNTRY) VALUES ('39ed472c-2b55-9cfe-57ee-c74dd15bb2b3', 1, '2019-12-12 10:22:08.878000', 'admin', '2019-12-12 10:22:08.878000', null, null, null, 'PH', 'Philippines');
INSERT INTO PUBLIC.ERP_COUNTRY (ID, VERSION, CREATE_TS, CREATED_BY, UPDATE_TS, UPDATED_BY, DELETE_TS, DELETED_BY, COUNTRY_CODE, COUNTRY) VALUES ('3ad6706e-b242-6f20-2e39-cf7f2cb12553', 1, '2019-12-12 10:22:08.865000', 'admin', '2019-12-12 10:22:08.865000', null, null, null, 'ES', 'Spain');
INSERT INTO PUBLIC.ERP_COUNTRY (ID, VERSION, CREATE_TS, CREATED_BY, UPDATE_TS, UPDATED_BY, DELETE_TS, DELETED_BY, COUNTRY_CODE, COUNTRY) VALUES ('3c1bccc9-db38-064b-5bf4-803153c9517e', 1, '2019-12-12 10:22:08.866000', 'admin', '2019-12-12 10:22:08.866000', null, null, null, 'HM', 'Heard Island and McDonald Islands');
INSERT INTO PUBLIC.ERP_COUNTRY (ID, VERSION, CREATE_TS, CREATED_BY, UPDATE_TS, UPDATED_BY, DELETE_TS, DELETED_BY, COUNTRY_CODE, COUNTRY) VALUES ('3d1a5849-ee0f-c668-62be-c651c68c40ba', 1, '2019-12-12 10:22:08.879000', 'admin', '2019-12-12 10:22:08.879000', null, null, null, 'TK', 'Tokelau');
INSERT INTO PUBLIC.ERP_COUNTRY (ID, VERSION, CREATE_TS, CREATED_BY, UPDATE_TS, UPDATED_BY, DELETE_TS, DELETED_BY, COUNTRY_CODE, COUNTRY) VALUES ('3e6d5709-2a1a-e204-184f-a234b508a174', 1, '2019-12-12 10:22:08.866000', 'admin', '2019-12-12 10:22:08.866000', null, null, null, 'IS', 'Iceland');
INSERT INTO PUBLIC.ERP_COUNTRY (ID, VERSION, CREATE_TS, CREATED_BY, UPDATE_TS, UPDATED_BY, DELETE_TS, DELETED_BY, COUNTRY_CODE, COUNTRY) VALUES ('3f0dda89-0146-36be-6947-24becc0c6787', 1, '2019-12-12 10:22:08.879000', 'admin', '2019-12-12 10:22:08.879000', null, null, null, 'PN', 'Pitcairn');
INSERT INTO PUBLIC.ERP_COUNTRY (ID, VERSION, CREATE_TS, CREATED_BY, UPDATE_TS, UPDATED_BY, DELETE_TS, DELETED_BY, COUNTRY_CODE, COUNTRY) VALUES ('3f5e27ba-efaa-52a7-f9d6-2c8f7ac9ad6c', 1, '2019-12-12 10:22:08.866000', 'admin', '2019-12-12 10:22:08.866000', null, null, null, 'HU', 'Hungary');
INSERT INTO PUBLIC.ERP_COUNTRY (ID, VERSION, CREATE_TS, CREATED_BY, UPDATE_TS, UPDATED_BY, DELETE_TS, DELETED_BY, COUNTRY_CODE, COUNTRY) VALUES ('411ddd8a-e9c9-e85f-6f5a-86b2ddd4b9aa', 1, '2019-12-12 10:22:08.863000', 'admin', '2019-12-12 10:22:08.863000', null, null, null, 'BE', 'Belgium');
INSERT INTO PUBLIC.ERP_COUNTRY (ID, VERSION, CREATE_TS, CREATED_BY, UPDATE_TS, UPDATED_BY, DELETE_TS, DELETED_BY, COUNTRY_CODE, COUNTRY) VALUES ('41813d6d-6d1d-3ac4-8fc7-8a90b7b89c00', 1, '2019-12-12 10:22:08.862000', 'admin', '2019-12-12 10:22:08.862000', null, null, null, 'AZ', 'Azerbaijan');
INSERT INTO PUBLIC.ERP_COUNTRY (ID, VERSION, CREATE_TS, CREATED_BY, UPDATE_TS, UPDATED_BY, DELETE_TS, DELETED_BY, COUNTRY_CODE, COUNTRY) VALUES ('421ab625-a338-a5b1-e01c-439952d1d5b1', 1, '2019-12-12 10:22:08.879000', 'admin', '2019-12-12 10:22:08.879000', null, null, null, 'VI', 'Virgin Islands, U.S.');
INSERT INTO PUBLIC.ERP_COUNTRY (ID, VERSION, CREATE_TS, CREATED_BY, UPDATE_TS, UPDATED_BY, DELETE_TS, DELETED_BY, COUNTRY_CODE, COUNTRY) VALUES ('4238d410-7f98-f784-93fa-7c4819d12819', 1, '2019-12-12 10:22:08.878000', 'admin', '2019-12-12 10:22:08.878000', null, null, null, 'MU', 'Mauritius');
INSERT INTO PUBLIC.ERP_COUNTRY (ID, VERSION, CREATE_TS, CREATED_BY, UPDATE_TS, UPDATED_BY, DELETE_TS, DELETED_BY, COUNTRY_CODE, COUNTRY) VALUES ('42ac2a47-a651-8c40-ebe7-6464bd7f149f', 1, '2019-12-12 10:22:08.879000', 'admin', '2019-12-12 10:22:08.879000', null, null, null, 'RO', 'Romania');
INSERT INTO PUBLIC.ERP_COUNTRY (ID, VERSION, CREATE_TS, CREATED_BY, UPDATE_TS, UPDATED_BY, DELETE_TS, DELETED_BY, COUNTRY_CODE, COUNTRY) VALUES ('431f6918-bf7e-23b1-a56e-d7dc01ab8290', 1, '2019-12-12 10:22:08.865000', 'admin', '2019-12-12 10:22:08.865000', null, null, null, 'FK', 'Falkland Islands (Malvinas)');
INSERT INTO PUBLIC.ERP_COUNTRY (ID, VERSION, CREATE_TS, CREATED_BY, UPDATE_TS, UPDATED_BY, DELETE_TS, DELETED_BY, COUNTRY_CODE, COUNTRY) VALUES ('4361ba4a-8178-5740-acd7-688033515264', 1, '2019-12-12 10:22:08.879000', 'admin', '2019-12-12 10:22:08.879000', null, null, null, 'UM', 'United States Minor Outlying Islands');
INSERT INTO PUBLIC.ERP_COUNTRY (ID, VERSION, CREATE_TS, CREATED_BY, UPDATE_TS, UPDATED_BY, DELETE_TS, DELETED_BY, COUNTRY_CODE, COUNTRY) VALUES ('438e0543-7b82-cecb-e53d-ae8a6fd6e6ac', 1, '2019-12-12 10:22:08.866000', 'admin', '2019-12-12 10:22:08.866000', null, null, null, 'KM', 'Comoros');
INSERT INTO PUBLIC.ERP_COUNTRY (ID, VERSION, CREATE_TS, CREATED_BY, UPDATE_TS, UPDATED_BY, DELETE_TS, DELETED_BY, COUNTRY_CODE, COUNTRY) VALUES ('43f70493-bafb-8cad-e191-5432a6d43c33', 1, '2019-12-12 10:22:08.865000', 'admin', '2019-12-12 10:22:08.865000', null, null, null, 'EC', 'Ecuador');
INSERT INTO PUBLIC.ERP_COUNTRY (ID, VERSION, CREATE_TS, CREATED_BY, UPDATE_TS, UPDATED_BY, DELETE_TS, DELETED_BY, COUNTRY_CODE, COUNTRY) VALUES ('45249d08-cc6b-d743-b9cb-484e8cbc2ce7', 1, '2019-12-12 10:22:08.866000', 'admin', '2019-12-12 10:22:08.866000', null, null, null, 'IT', 'Italy');
INSERT INTO PUBLIC.ERP_COUNTRY (ID, VERSION, CREATE_TS, CREATED_BY, UPDATE_TS, UPDATED_BY, DELETE_TS, DELETED_BY, COUNTRY_CODE, COUNTRY) VALUES ('47211b0d-ff4f-ba0e-1a65-33ea080abfbb', 1, '2019-12-12 10:22:08.878000', 'admin', '2019-12-12 10:22:08.878000', null, null, null, 'MW', 'Malawi');
INSERT INTO PUBLIC.ERP_COUNTRY (ID, VERSION, CREATE_TS, CREATED_BY, UPDATE_TS, UPDATED_BY, DELETE_TS, DELETED_BY, COUNTRY_CODE, COUNTRY) VALUES ('472799e4-b17b-c31e-419f-56b7bd2a0ec4', 1, '2019-12-12 10:22:08.863000', 'admin', '2019-12-12 10:22:08.863000', null, null, null, 'CK', 'Cook Islands');
INSERT INTO PUBLIC.ERP_COUNTRY (ID, VERSION, CREATE_TS, CREATED_BY, UPDATE_TS, UPDATED_BY, DELETE_TS, DELETED_BY, COUNTRY_CODE, COUNTRY) VALUES ('478046c6-b2d0-e363-25e4-61d5d8a4b04a', 1, '2019-12-12 10:22:08.860000', 'admin', '2019-12-12 10:22:08.860000', null, null, null, 'AL', 'Albania');
INSERT INTO PUBLIC.ERP_COUNTRY (ID, VERSION, CREATE_TS, CREATED_BY, UPDATE_TS, UPDATED_BY, DELETE_TS, DELETED_BY, COUNTRY_CODE, COUNTRY) VALUES ('492b7eff-258b-9f41-e6c1-47d60aa4cd6d', 1, '2019-12-12 10:22:08.879000', 'admin', '2019-12-12 10:22:08.879000', null, null, null, 'YE', 'Yemen');
INSERT INTO PUBLIC.ERP_COUNTRY (ID, VERSION, CREATE_TS, CREATED_BY, UPDATE_TS, UPDATED_BY, DELETE_TS, DELETED_BY, COUNTRY_CODE, COUNTRY) VALUES ('4955166e-4bbe-dedd-c9ce-7460a8b6fe54', 1, '2019-12-12 10:22:08.862000', 'admin', '2019-12-12 10:22:08.862000', null, null, null, 'AT', 'Austria');
INSERT INTO PUBLIC.ERP_COUNTRY (ID, VERSION, CREATE_TS, CREATED_BY, UPDATE_TS, UPDATED_BY, DELETE_TS, DELETED_BY, COUNTRY_CODE, COUNTRY) VALUES ('4a7be9c2-e1c6-067f-a30f-f70229f31c31', 1, '2019-12-12 10:22:08.879000', 'admin', '2019-12-12 10:22:08.879000', null, null, null, 'SH', 'Saint Helena, Ascension and Tristan Da Cunha');
INSERT INTO PUBLIC.ERP_COUNTRY (ID, VERSION, CREATE_TS, CREATED_BY, UPDATE_TS, UPDATED_BY, DELETE_TS, DELETED_BY, COUNTRY_CODE, COUNTRY) VALUES ('4bf8f59a-d2c7-bfed-b6d8-3ad60cfe5559', 1, '2019-12-12 10:22:08.868000', 'admin', '2019-12-12 10:22:08.868000', null, null, null, 'LU', 'Luxembourg');
INSERT INTO PUBLIC.ERP_COUNTRY (ID, VERSION, CREATE_TS, CREATED_BY, UPDATE_TS, UPDATED_BY, DELETE_TS, DELETED_BY, COUNTRY_CODE, COUNTRY) VALUES ('4c58243f-fd8d-f4ee-8a7c-849717b8cfb1', 1, '2019-12-12 10:22:08.880000', 'admin', '2019-12-12 10:22:08.880000', null, null, null, 'MF', 'Saint Martin (French Part)');
INSERT INTO PUBLIC.ERP_COUNTRY (ID, VERSION, CREATE_TS, CREATED_BY, UPDATE_TS, UPDATED_BY, DELETE_TS, DELETED_BY, COUNTRY_CODE, COUNTRY) VALUES ('4ca5d272-394d-417a-17df-22f1179313a2', 1, '2019-12-12 10:22:08.878000', 'admin', '2019-12-12 10:22:08.878000', null, null, null, 'MY', 'Malaysia');
INSERT INTO PUBLIC.ERP_COUNTRY (ID, VERSION, CREATE_TS, CREATED_BY, UPDATE_TS, UPDATED_BY, DELETE_TS, DELETED_BY, COUNTRY_CODE, COUNTRY) VALUES ('4ed4a17b-54ec-5997-b38a-e627afa26f89', 1, '2019-12-12 10:22:08.862000', 'admin', '2019-12-12 10:22:08.862000', null, null, null, 'AS', 'American Samoa');
INSERT INTO PUBLIC.ERP_COUNTRY (ID, VERSION, CREATE_TS, CREATED_BY, UPDATE_TS, UPDATED_BY, DELETE_TS, DELETED_BY, COUNTRY_CODE, COUNTRY) VALUES ('4f3454d9-b02d-18ab-ce94-71095fe7472a', 1, '2019-12-12 10:22:08.878000', 'admin', '2019-12-12 10:22:08.878000', null, null, null, 'MP', 'Northern Mariana Islands');
INSERT INTO PUBLIC.ERP_COUNTRY (ID, VERSION, CREATE_TS, CREATED_BY, UPDATE_TS, UPDATED_BY, DELETE_TS, DELETED_BY, COUNTRY_CODE, COUNTRY) VALUES ('50f71cec-4a56-0a0b-fbae-b1cf8ccc6be4', 1, '2019-12-12 10:22:08.866000', 'admin', '2019-12-12 10:22:08.866000', null, null, null, 'HN', 'Honduras');
INSERT INTO PUBLIC.ERP_COUNTRY (ID, VERSION, CREATE_TS, CREATED_BY, UPDATE_TS, UPDATED_BY, DELETE_TS, DELETED_BY, COUNTRY_CODE, COUNTRY) VALUES ('51150023-ef73-e20e-8d58-5f87cbe557ee', 1, '2019-12-12 10:22:08.866000', 'admin', '2019-12-12 10:22:08.866000', null, null, null, 'JP', 'Japan');
INSERT INTO PUBLIC.ERP_COUNTRY (ID, VERSION, CREATE_TS, CREATED_BY, UPDATE_TS, UPDATED_BY, DELETE_TS, DELETED_BY, COUNTRY_CODE, COUNTRY) VALUES ('52425114-9334-8a88-7a76-b5a2bd4ce3d8', 1, '2019-12-12 10:22:08.865000', 'admin', '2019-12-12 10:22:08.865000', null, null, null, 'ET', 'Ethiopia');
INSERT INTO PUBLIC.ERP_COUNTRY (ID, VERSION, CREATE_TS, CREATED_BY, UPDATE_TS, UPDATED_BY, DELETE_TS, DELETED_BY, COUNTRY_CODE, COUNTRY) VALUES ('52a1bc8a-b2cc-3c10-8356-79bbf5ead2a4', 1, '2019-12-12 10:22:08.865000', 'admin', '2019-12-12 10:22:08.865000', null, null, null, 'ER', 'Eritrea');
INSERT INTO PUBLIC.ERP_COUNTRY (ID, VERSION, CREATE_TS, CREATED_BY, UPDATE_TS, UPDATED_BY, DELETE_TS, DELETED_BY, COUNTRY_CODE, COUNTRY) VALUES ('52e1d6b5-c65a-390e-442b-6a674737b2d1', 1, '2019-12-12 10:22:08.862000', 'admin', '2019-12-12 10:22:08.862000', null, null, null, 'AR', 'Argentina');
INSERT INTO PUBLIC.ERP_COUNTRY (ID, VERSION, CREATE_TS, CREATED_BY, UPDATE_TS, UPDATED_BY, DELETE_TS, DELETED_BY, COUNTRY_CODE, COUNTRY) VALUES ('53eb5664-cab9-466d-c6a3-ddf2e7ddd526', 1, '2019-12-12 10:22:08.878000', 'admin', '2019-12-12 10:22:08.878000', null, null, null, 'PA', 'Panama');
INSERT INTO PUBLIC.ERP_COUNTRY (ID, VERSION, CREATE_TS, CREATED_BY, UPDATE_TS, UPDATED_BY, DELETE_TS, DELETED_BY, COUNTRY_CODE, COUNTRY) VALUES ('5653e1b1-3eb0-d530-0072-5209e0b8a6b3', 1, '2019-12-12 10:22:08.878000', 'admin', '2019-12-12 10:22:08.878000', null, null, null, 'MK', 'Macedonia, The former Yugoslav Republic of');
INSERT INTO PUBLIC.ERP_COUNTRY (ID, VERSION, CREATE_TS, CREATED_BY, UPDATE_TS, UPDATED_BY, DELETE_TS, DELETED_BY, COUNTRY_CODE, COUNTRY) VALUES ('5b7b4c93-4781-c273-74e1-b7ee4f95d24b', 1, '2019-12-12 10:22:08.865000', 'admin', '2019-12-12 10:22:08.865000', null, null, null, 'GF', 'French Guiana');
INSERT INTO PUBLIC.ERP_COUNTRY (ID, VERSION, CREATE_TS, CREATED_BY, UPDATE_TS, UPDATED_BY, DELETE_TS, DELETED_BY, COUNTRY_CODE, COUNTRY) VALUES ('5bdc8ced-d20b-1baa-745e-a330a747ef8a', 1, '2019-12-12 10:22:08.879000', 'admin', '2019-12-12 10:22:08.879000', null, null, null, 'TW', 'Taiwan, Province of China');
INSERT INTO PUBLIC.ERP_COUNTRY (ID, VERSION, CREATE_TS, CREATED_BY, UPDATE_TS, UPDATED_BY, DELETE_TS, DELETED_BY, COUNTRY_CODE, COUNTRY) VALUES ('5e631f87-4063-2b16-fa33-cd97b363809b', 1, '2019-12-12 10:22:08.878000', 'admin', '2019-12-12 10:22:08.878000', null, null, null, 'NG', 'Nigeria');
INSERT INTO PUBLIC.ERP_COUNTRY (ID, VERSION, CREATE_TS, CREATED_BY, UPDATE_TS, UPDATED_BY, DELETE_TS, DELETED_BY, COUNTRY_CODE, COUNTRY) VALUES ('635493a4-3e46-4f10-f4e4-282a63cef6aa', 1, '2019-12-12 10:22:08.866000', 'admin', '2019-12-12 10:22:08.866000', null, null, null, 'IE', 'Ireland');
INSERT INTO PUBLIC.ERP_COUNTRY (ID, VERSION, CREATE_TS, CREATED_BY, UPDATE_TS, UPDATED_BY, DELETE_TS, DELETED_BY, COUNTRY_CODE, COUNTRY) VALUES ('63f64a5b-b2de-ace5-642b-6c968038a3bd', 1, '2019-12-12 10:22:08.865000', 'admin', '2019-12-12 10:22:08.865000', null, null, null, 'EE', 'Estonia');
INSERT INTO PUBLIC.ERP_COUNTRY (ID, VERSION, CREATE_TS, CREATED_BY, UPDATE_TS, UPDATED_BY, DELETE_TS, DELETED_BY, COUNTRY_CODE, COUNTRY) VALUES ('64b08c06-0ccc-2847-b8b6-544416abc041', 1, '2019-12-12 10:22:08.866000', 'admin', '2019-12-12 10:22:08.866000', null, null, null, 'KI', 'Kiribati');
INSERT INTO PUBLIC.ERP_COUNTRY (ID, VERSION, CREATE_TS, CREATED_BY, UPDATE_TS, UPDATED_BY, DELETE_TS, DELETED_BY, COUNTRY_CODE, COUNTRY) VALUES ('6671cb1f-06e9-6cf9-64a5-6586f66e204a', 1, '2019-12-12 10:22:08.862000', 'admin', '2019-12-12 10:22:08.862000', null, null, null, 'AO', 'Angola');
INSERT INTO PUBLIC.ERP_COUNTRY (ID, VERSION, CREATE_TS, CREATED_BY, UPDATE_TS, UPDATED_BY, DELETE_TS, DELETED_BY, COUNTRY_CODE, COUNTRY) VALUES ('683ebd1f-45b0-f785-6375-5543fa51a9e4', 1, '2019-12-12 10:22:08.879000', 'admin', '2019-12-12 10:22:08.879000', null, null, null, 'TC', 'Turks and Caicos Islands');
INSERT INTO PUBLIC.ERP_COUNTRY (ID, VERSION, CREATE_TS, CREATED_BY, UPDATE_TS, UPDATED_BY, DELETE_TS, DELETED_BY, COUNTRY_CODE, COUNTRY) VALUES ('689142e4-6449-2836-2479-df308846101a', 1, '2019-12-12 10:22:08.867000', 'admin', '2019-12-12 10:22:08.867000', null, null, null, 'LC', 'Saint Lucia');
INSERT INTO PUBLIC.ERP_COUNTRY (ID, VERSION, CREATE_TS, CREATED_BY, UPDATE_TS, UPDATED_BY, DELETE_TS, DELETED_BY, COUNTRY_CODE, COUNTRY) VALUES ('68e3b274-d838-c3ff-b00d-8e978cf46534', 1, '2019-12-12 10:22:08.863000', 'admin', '2019-12-12 10:22:08.863000', null, null, null, 'BM', 'Bermuda');
INSERT INTO PUBLIC.ERP_COUNTRY (ID, VERSION, CREATE_TS, CREATED_BY, UPDATE_TS, UPDATED_BY, DELETE_TS, DELETED_BY, COUNTRY_CODE, COUNTRY) VALUES ('69437ff8-5148-aa46-583b-866dbe0d4ad8', 1, '2019-12-12 10:22:08.878000', 'admin', '2019-12-12 10:22:08.878000', null, null, null, 'NZ', 'New Zealand');
INSERT INTO PUBLIC.ERP_COUNTRY (ID, VERSION, CREATE_TS, CREATED_BY, UPDATE_TS, UPDATED_BY, DELETE_TS, DELETED_BY, COUNTRY_CODE, COUNTRY) VALUES ('6a41f187-2ba8-2f34-a062-e5266c5acfd8', 1, '2019-12-12 10:22:08.879000', 'admin', '2019-12-12 10:22:08.879000', null, null, null, 'SB', 'Solomon Islands');
INSERT INTO PUBLIC.ERP_COUNTRY (ID, VERSION, CREATE_TS, CREATED_BY, UPDATE_TS, UPDATED_BY, DELETE_TS, DELETED_BY, COUNTRY_CODE, COUNTRY) VALUES ('6a8efeaf-c537-666c-9327-69d4ac663b18', 1, '2019-12-12 10:22:08.867000', 'admin', '2019-12-12 10:22:08.867000', null, null, null, 'LK', 'Sri Lanka');
INSERT INTO PUBLIC.ERP_COUNTRY (ID, VERSION, CREATE_TS, CREATED_BY, UPDATE_TS, UPDATED_BY, DELETE_TS, DELETED_BY, COUNTRY_CODE, COUNTRY) VALUES ('6ad7fab3-9128-c830-a68a-7f652e32419f', 1, '2019-12-12 10:22:08.865000', 'admin', '2019-12-12 10:22:08.865000', null, null, null, 'GQ', 'Equatorial Guinea');
INSERT INTO PUBLIC.ERP_COUNTRY (ID, VERSION, CREATE_TS, CREATED_BY, UPDATE_TS, UPDATED_BY, DELETE_TS, DELETED_BY, COUNTRY_CODE, COUNTRY) VALUES ('6bcdb931-7959-f6ed-bc82-dfa231f902b1', 1, '2019-12-12 10:22:08.863000', 'admin', '2019-12-12 10:22:08.863000', null, null, null, 'BW', 'Botswana');
INSERT INTO PUBLIC.ERP_COUNTRY (ID, VERSION, CREATE_TS, CREATED_BY, UPDATE_TS, UPDATED_BY, DELETE_TS, DELETED_BY, COUNTRY_CODE, COUNTRY) VALUES ('71de73d0-8f32-ba81-41e7-2a63ab9b3386', 1, '2019-12-12 10:22:08.867000', 'admin', '2019-12-12 10:22:08.867000', null, null, null, 'LR', 'Liberia');
INSERT INTO PUBLIC.ERP_COUNTRY (ID, VERSION, CREATE_TS, CREATED_BY, UPDATE_TS, UPDATED_BY, DELETE_TS, DELETED_BY, COUNTRY_CODE, COUNTRY) VALUES ('72101bdb-18ba-aceb-f780-1a4ddae3ad5a', 1, '2019-12-12 10:22:08.878000', 'admin', '2019-12-12 10:22:08.878000', null, null, null, 'NA', 'Namibia');
INSERT INTO PUBLIC.ERP_COUNTRY (ID, VERSION, CREATE_TS, CREATED_BY, UPDATE_TS, UPDATED_BY, DELETE_TS, DELETED_BY, COUNTRY_CODE, COUNTRY) VALUES ('72a39d54-e196-2150-5149-bf946bbe9248', 1, '2019-12-12 10:22:08.865000', 'admin', '2019-12-12 10:22:08.865000', null, null, null, 'GN', 'Guinea');
INSERT INTO PUBLIC.ERP_COUNTRY (ID, VERSION, CREATE_TS, CREATED_BY, UPDATE_TS, UPDATED_BY, DELETE_TS, DELETED_BY, COUNTRY_CODE, COUNTRY) VALUES ('72ddd59c-f108-d22f-75e2-108f770b33fa', 1, '2019-12-12 10:22:08.865000', 'admin', '2019-12-12 10:22:08.865000', null, null, null, 'GP', 'Guadeloupe');
INSERT INTO PUBLIC.ERP_COUNTRY (ID, VERSION, CREATE_TS, CREATED_BY, UPDATE_TS, UPDATED_BY, DELETE_TS, DELETED_BY, COUNTRY_CODE, COUNTRY) VALUES ('72e25c4e-568e-194f-cc8b-62b251269909', 1, '2019-12-12 10:22:08.866000', 'admin', '2019-12-12 10:22:08.866000', null, null, null, 'JM', 'Jamaica');
INSERT INTO PUBLIC.ERP_COUNTRY (ID, VERSION, CREATE_TS, CREATED_BY, UPDATE_TS, UPDATED_BY, DELETE_TS, DELETED_BY, COUNTRY_CODE, COUNTRY) VALUES ('7368eef6-10d9-4192-4890-3be367dc1d2a', 1, '2019-12-12 10:22:08.880000', 'admin', '2019-12-12 10:22:08.880000', null, null, null, 'JE', 'Jersey');
INSERT INTO PUBLIC.ERP_COUNTRY (ID, VERSION, CREATE_TS, CREATED_BY, UPDATE_TS, UPDATED_BY, DELETE_TS, DELETED_BY, COUNTRY_CODE, COUNTRY) VALUES ('752d36e8-cb84-428f-8fd9-3936f370d5e0', 1, '2019-12-12 10:22:08.866000', 'admin', '2019-12-12 10:22:08.866000', null, null, null, 'IQ', 'Iraq');
INSERT INTO PUBLIC.ERP_COUNTRY (ID, VERSION, CREATE_TS, CREATED_BY, UPDATE_TS, UPDATED_BY, DELETE_TS, DELETED_BY, COUNTRY_CODE, COUNTRY) VALUES ('789a31b8-2891-16e5-444f-33a58c2b66a9', 1, '2019-12-12 10:22:08.866000', 'admin', '2019-12-12 10:22:08.866000', null, null, null, 'IN', 'India');
INSERT INTO PUBLIC.ERP_COUNTRY (ID, VERSION, CREATE_TS, CREATED_BY, UPDATE_TS, UPDATED_BY, DELETE_TS, DELETED_BY, COUNTRY_CODE, COUNTRY) VALUES ('78e8ad91-4c5c-4d85-588c-64e6c4d6e98e', 1, '2019-12-12 10:22:08.865000', 'admin', '2019-12-12 10:22:08.865000', null, null, null, 'DZ', 'Algeria');
INSERT INTO PUBLIC.ERP_COUNTRY (ID, VERSION, CREATE_TS, CREATED_BY, UPDATE_TS, UPDATED_BY, DELETE_TS, DELETED_BY, COUNTRY_CODE, COUNTRY) VALUES ('7939bc2b-ad34-134b-863b-14e199d7b92c', 1, '2019-12-12 10:22:08.863000', 'admin', '2019-12-12 10:22:08.863000', null, null, null, 'CI', 'Côte d''Ivoire');
INSERT INTO PUBLIC.ERP_COUNTRY (ID, VERSION, CREATE_TS, CREATED_BY, UPDATE_TS, UPDATED_BY, DELETE_TS, DELETED_BY, COUNTRY_CODE, COUNTRY) VALUES ('7b141a55-dc99-83be-a8fd-25ce47366b9d', 1, '2019-12-12 10:22:08.879000', 'admin', '2019-12-12 10:22:08.879000', null, null, null, 'WF', 'Wallis and Futuna');
INSERT INTO PUBLIC.ERP_COUNTRY (ID, VERSION, CREATE_TS, CREATED_BY, UPDATE_TS, UPDATED_BY, DELETE_TS, DELETED_BY, COUNTRY_CODE, COUNTRY) VALUES ('7b31d9e5-bed8-8265-926e-2791dc5282ee', 1, '2019-12-12 10:22:08.879000', 'admin', '2019-12-12 10:22:08.879000', null, null, null, 'SO', 'Somalia');
INSERT INTO PUBLIC.ERP_COUNTRY (ID, VERSION, CREATE_TS, CREATED_BY, UPDATE_TS, UPDATED_BY, DELETE_TS, DELETED_BY, COUNTRY_CODE, COUNTRY) VALUES ('7bced537-0674-f928-b82f-4c5aaabf95d5', 1, '2019-12-12 10:22:08.865000', 'admin', '2019-12-12 10:22:08.865000', null, null, null, 'GL', 'Greenland');
INSERT INTO PUBLIC.ERP_COUNTRY (ID, VERSION, CREATE_TS, CREATED_BY, UPDATE_TS, UPDATED_BY, DELETE_TS, DELETED_BY, COUNTRY_CODE, COUNTRY) VALUES ('7bd85627-2187-1f49-2552-60d5115b4d1d', 1, '2019-12-12 10:22:08.868000', 'admin', '2019-12-12 10:22:08.868000', null, null, null, 'LY', 'Libya');
INSERT INTO PUBLIC.ERP_COUNTRY (ID, VERSION, CREATE_TS, CREATED_BY, UPDATE_TS, UPDATED_BY, DELETE_TS, DELETED_BY, COUNTRY_CODE, COUNTRY) VALUES ('7d3ec3ab-1d8f-11fc-6e1a-8f091a2642e2', 1, '2019-12-12 10:22:08.865000', 'admin', '2019-12-12 10:22:08.865000', null, null, null, 'GA', 'Gabon');
INSERT INTO PUBLIC.ERP_COUNTRY (ID, VERSION, CREATE_TS, CREATED_BY, UPDATE_TS, UPDATED_BY, DELETE_TS, DELETED_BY, COUNTRY_CODE, COUNTRY) VALUES ('7ef425b5-c8ab-f50e-ff53-111d792034e7', 1, '2019-12-12 10:22:08.865000', 'admin', '2019-12-12 10:22:08.865000', null, null, null, 'FR', 'France');
INSERT INTO PUBLIC.ERP_COUNTRY (ID, VERSION, CREATE_TS, CREATED_BY, UPDATE_TS, UPDATED_BY, DELETE_TS, DELETED_BY, COUNTRY_CODE, COUNTRY) VALUES ('7f0f0f92-0e17-4bd2-41ae-40ed7a667015', 1, '2019-12-12 10:22:08.878000', 'admin', '2019-12-12 10:22:08.878000', null, null, null, 'MV', 'Maldives');
INSERT INTO PUBLIC.ERP_COUNTRY (ID, VERSION, CREATE_TS, CREATED_BY, UPDATE_TS, UPDATED_BY, DELETE_TS, DELETED_BY, COUNTRY_CODE, COUNTRY) VALUES ('7f8fec4d-70d6-ada7-31e8-ab3aaa1b6383', 1, '2019-12-12 10:22:08.879000', 'admin', '2019-12-12 10:22:08.879000', null, null, null, 'WS', 'Samoa');
INSERT INTO PUBLIC.ERP_COUNTRY (ID, VERSION, CREATE_TS, CREATED_BY, UPDATE_TS, UPDATED_BY, DELETE_TS, DELETED_BY, COUNTRY_CODE, COUNTRY) VALUES ('7f9c924b-327f-a11a-6e65-9c94ddca7d09', 1, '2019-12-12 10:22:08.866000', 'admin', '2019-12-12 10:22:08.866000', null, null, null, 'KN', 'Saint Kitts and Nevis');
INSERT INTO PUBLIC.ERP_COUNTRY (ID, VERSION, CREATE_TS, CREATED_BY, UPDATE_TS, UPDATED_BY, DELETE_TS, DELETED_BY, COUNTRY_CODE, COUNTRY) VALUES ('80217668-5abb-831b-ca74-bc545a5e8b8a', 1, '2019-12-12 10:22:08.879000', 'admin', '2019-12-12 10:22:08.879000', null, null, null, 'RS', 'Serbia');
INSERT INTO PUBLIC.ERP_COUNTRY (ID, VERSION, CREATE_TS, CREATED_BY, UPDATE_TS, UPDATED_BY, DELETE_TS, DELETED_BY, COUNTRY_CODE, COUNTRY) VALUES ('80a4a583-0b0a-c1ef-7a8e-c561fb76af6f', 1, '2019-12-12 10:22:08.865000', 'admin', '2019-12-12 10:22:08.865000', null, null, null, 'DE', 'Germany');
INSERT INTO PUBLIC.ERP_COUNTRY (ID, VERSION, CREATE_TS, CREATED_BY, UPDATE_TS, UPDATED_BY, DELETE_TS, DELETED_BY, COUNTRY_CODE, COUNTRY) VALUES ('8157d19e-2eae-c021-b293-caceb28174e7', 1, '2019-12-12 10:22:08.879000', 'admin', '2019-12-12 10:22:08.879000', null, null, null, 'SI', 'Slovenia');
INSERT INTO PUBLIC.ERP_COUNTRY (ID, VERSION, CREATE_TS, CREATED_BY, UPDATE_TS, UPDATED_BY, DELETE_TS, DELETED_BY, COUNTRY_CODE, COUNTRY) VALUES ('826569b4-83cd-11ff-0b5a-bab79beaf058', 1, '2019-12-12 10:22:08.879000', 'admin', '2019-12-12 10:22:08.879000', null, null, null, 'XZ', 'Installations in International Waters');
INSERT INTO PUBLIC.ERP_COUNTRY (ID, VERSION, CREATE_TS, CREATED_BY, UPDATE_TS, UPDATED_BY, DELETE_TS, DELETED_BY, COUNTRY_CODE, COUNTRY) VALUES ('8310471f-cbf4-ab9a-7f98-06fbc7d3b29a', 1, '2019-12-12 10:22:08.865000', 'admin', '2019-12-12 10:22:08.865000', null, null, null, 'GT', 'Guatemala');
INSERT INTO PUBLIC.ERP_COUNTRY (ID, VERSION, CREATE_TS, CREATED_BY, UPDATE_TS, UPDATED_BY, DELETE_TS, DELETED_BY, COUNTRY_CODE, COUNTRY) VALUES ('83d70802-7a7a-1b0a-89e1-a34caf16f726', 1, '2019-12-12 10:22:08.878000', 'admin', '2019-12-12 10:22:08.878000', null, null, null, 'PE', 'Peru');
INSERT INTO PUBLIC.ERP_COUNTRY (ID, VERSION, CREATE_TS, CREATED_BY, UPDATE_TS, UPDATED_BY, DELETE_TS, DELETED_BY, COUNTRY_CODE, COUNTRY) VALUES ('84ba7d68-b52e-8201-9012-422e46a52678', 1, '2019-12-12 10:22:08.878000', 'admin', '2019-12-12 10:22:08.878000', null, null, null, 'NL', 'Netherlands');
INSERT INTO PUBLIC.ERP_COUNTRY (ID, VERSION, CREATE_TS, CREATED_BY, UPDATE_TS, UPDATED_BY, DELETE_TS, DELETED_BY, COUNTRY_CODE, COUNTRY) VALUES ('85efb710-86fd-7465-005d-45c9122b51b8', 1, '2019-12-12 10:22:08.879000', 'admin', '2019-12-12 10:22:08.879000', null, null, null, 'TZ', 'Tanzania, United Republic of');
INSERT INTO PUBLIC.ERP_COUNTRY (ID, VERSION, CREATE_TS, CREATED_BY, UPDATE_TS, UPDATED_BY, DELETE_TS, DELETED_BY, COUNTRY_CODE, COUNTRY) VALUES ('86909327-fb2d-74bd-80fb-61529d97d4d4', 1, '2019-12-12 10:22:08.863000', 'admin', '2019-12-12 10:22:08.863000', null, null, null, 'CN', 'China');
INSERT INTO PUBLIC.ERP_COUNTRY (ID, VERSION, CREATE_TS, CREATED_BY, UPDATE_TS, UPDATED_BY, DELETE_TS, DELETED_BY, COUNTRY_CODE, COUNTRY) VALUES ('86ccc13b-db11-2652-444f-30dbc93e8eb6', 1, '2019-12-12 10:22:08.879000', 'admin', '2019-12-12 10:22:08.879000', null, null, null, 'TT', 'Trinidad and Tobago');
INSERT INTO PUBLIC.ERP_COUNTRY (ID, VERSION, CREATE_TS, CREATED_BY, UPDATE_TS, UPDATED_BY, DELETE_TS, DELETED_BY, COUNTRY_CODE, COUNTRY) VALUES ('87a1e195-ab97-5fda-3490-91955b77c5ea', 1, '2019-12-12 10:22:08.879000', 'admin', '2019-12-12 10:22:08.879000', null, null, null, 'PT', 'Portugal');
INSERT INTO PUBLIC.ERP_COUNTRY (ID, VERSION, CREATE_TS, CREATED_BY, UPDATE_TS, UPDATED_BY, DELETE_TS, DELETED_BY, COUNTRY_CODE, COUNTRY) VALUES ('87e5efca-153a-2429-28e3-55165be4f819', 1, '2019-12-12 10:22:08.879000', 'admin', '2019-12-12 10:22:08.879000', null, null, null, 'VA', 'Holy See (Vatican City State)');
INSERT INTO PUBLIC.ERP_COUNTRY (ID, VERSION, CREATE_TS, CREATED_BY, UPDATE_TS, UPDATED_BY, DELETE_TS, DELETED_BY, COUNTRY_CODE, COUNTRY) VALUES ('880cd310-9913-0bd0-3cb8-c2903293e491', 1, '2019-12-12 10:22:08.865000', 'admin', '2019-12-12 10:22:08.865000', null, null, null, 'FJ', 'Fiji');
INSERT INTO PUBLIC.ERP_COUNTRY (ID, VERSION, CREATE_TS, CREATED_BY, UPDATE_TS, UPDATED_BY, DELETE_TS, DELETED_BY, COUNTRY_CODE, COUNTRY) VALUES ('8dcb3f4a-f162-8424-2680-38c175492092', 1, '2019-12-12 10:22:08.865000', 'admin', '2019-12-12 10:22:08.865000', null, null, null, 'GH', 'Ghana');
INSERT INTO PUBLIC.ERP_COUNTRY (ID, VERSION, CREATE_TS, CREATED_BY, UPDATE_TS, UPDATED_BY, DELETE_TS, DELETED_BY, COUNTRY_CODE, COUNTRY) VALUES ('8e310434-76ca-634f-6bc9-94e533f5f2f9', 1, '2019-12-12 10:22:08.863000', 'admin', '2019-12-12 10:22:08.863000', null, null, null, 'CU', 'Cuba');
INSERT INTO PUBLIC.ERP_COUNTRY (ID, VERSION, CREATE_TS, CREATED_BY, UPDATE_TS, UPDATED_BY, DELETE_TS, DELETED_BY, COUNTRY_CODE, COUNTRY) VALUES ('8ffa2959-b618-a3f8-4832-11b561446333', 1, '2019-12-12 10:22:08.880000', 'admin', '2019-12-12 10:22:08.880000', null, null, null, 'GG', 'Guernsey');
INSERT INTO PUBLIC.ERP_COUNTRY (ID, VERSION, CREATE_TS, CREATED_BY, UPDATE_TS, UPDATED_BY, DELETE_TS, DELETED_BY, COUNTRY_CODE, COUNTRY) VALUES ('9006b789-395b-7b68-c01a-3992e303c11c', 1, '2019-12-12 10:22:08.866000', 'admin', '2019-12-12 10:22:08.866000', null, null, null, 'GW', 'Guinea-Bissau');
INSERT INTO PUBLIC.ERP_COUNTRY (ID, VERSION, CREATE_TS, CREATED_BY, UPDATE_TS, UPDATED_BY, DELETE_TS, DELETED_BY, COUNTRY_CODE, COUNTRY) VALUES ('90d42801-3880-aea2-9b06-7b4e53a54051', 1, '2019-12-12 10:22:08.863000', 'admin', '2019-12-12 10:22:08.863000', null, null, null, 'CV', 'Cape Verde');
INSERT INTO PUBLIC.ERP_COUNTRY (ID, VERSION, CREATE_TS, CREATED_BY, UPDATE_TS, UPDATED_BY, DELETE_TS, DELETED_BY, COUNTRY_CODE, COUNTRY) VALUES ('92ddbbd4-d8de-ff12-9af3-de563f1f7ac3', 1, '2019-12-12 10:22:08.866000', 'admin', '2019-12-12 10:22:08.866000', null, null, null, 'KP', 'Korea, Democratic People''s Republic of');
INSERT INTO PUBLIC.ERP_COUNTRY (ID, VERSION, CREATE_TS, CREATED_BY, UPDATE_TS, UPDATED_BY, DELETE_TS, DELETED_BY, COUNTRY_CODE, COUNTRY) VALUES ('9312788b-734a-20b1-5878-fee788d4fb6c', 1, '2019-12-12 10:22:08.866000', 'admin', '2019-12-12 10:22:08.866000', null, null, null, 'KR', 'Korea, Republic of');
INSERT INTO PUBLIC.ERP_COUNTRY (ID, VERSION, CREATE_TS, CREATED_BY, UPDATE_TS, UPDATED_BY, DELETE_TS, DELETED_BY, COUNTRY_CODE, COUNTRY) VALUES ('9378b4bb-5b3e-c513-362e-c351a2175201', 1, '2019-12-12 10:22:08.865000', 'admin', '2019-12-12 10:22:08.865000', null, null, null, 'GS', 'South Georgia and the South Sandwich Islands');
INSERT INTO PUBLIC.ERP_COUNTRY (ID, VERSION, CREATE_TS, CREATED_BY, UPDATE_TS, UPDATED_BY, DELETE_TS, DELETED_BY, COUNTRY_CODE, COUNTRY) VALUES ('9451911a-e6e0-0ffb-5bc2-3096105eafbd', 1, '2019-12-12 10:22:08.879000', 'admin', '2019-12-12 10:22:08.879000', null, null, null, 'VG', 'Virgin Islands, British');
INSERT INTO PUBLIC.ERP_COUNTRY (ID, VERSION, CREATE_TS, CREATED_BY, UPDATE_TS, UPDATED_BY, DELETE_TS, DELETED_BY, COUNTRY_CODE, COUNTRY) VALUES ('945ef25a-9fe1-c6e5-0257-67e963c21f86', 1, '2019-12-12 10:22:08.857000', 'admin', '2019-12-12 10:22:08.857000', null, null, null, 'AI', 'Anguilla');
INSERT INTO PUBLIC.ERP_COUNTRY (ID, VERSION, CREATE_TS, CREATED_BY, UPDATE_TS, UPDATED_BY, DELETE_TS, DELETED_BY, COUNTRY_CODE, COUNTRY) VALUES ('95984ea9-2874-25b2-53e4-abf99fb1a003', 1, '2019-12-12 10:22:08.849000', 'admin', '2019-12-12 10:22:08.849000', null, null, null, 'AE', 'United Arab Emirates');
INSERT INTO PUBLIC.ERP_COUNTRY (ID, VERSION, CREATE_TS, CREATED_BY, UPDATE_TS, UPDATED_BY, DELETE_TS, DELETED_BY, COUNTRY_CODE, COUNTRY) VALUES ('98960ea0-2f6e-c52e-7c56-86189dd840ac', 1, '2019-12-12 10:22:08.879000', 'admin', '2019-12-12 10:22:08.879000', null, null, null, 'VN', 'Viet Nam');
INSERT INTO PUBLIC.ERP_COUNTRY (ID, VERSION, CREATE_TS, CREATED_BY, UPDATE_TS, UPDATED_BY, DELETE_TS, DELETED_BY, COUNTRY_CODE, COUNTRY) VALUES ('9a56d22c-f3e4-3030-80ed-c49fcea0e5fc', 1, '2019-12-12 10:22:08.865000', 'admin', '2019-12-12 10:22:08.865000', null, null, null, 'CY', 'Cyprus');
INSERT INTO PUBLIC.ERP_COUNTRY (ID, VERSION, CREATE_TS, CREATED_BY, UPDATE_TS, UPDATED_BY, DELETE_TS, DELETED_BY, COUNTRY_CODE, COUNTRY) VALUES ('9aaa34d8-064e-d3d1-c659-4d9789220daa', 1, '2019-12-12 10:22:08.863000', 'admin', '2019-12-12 10:22:08.863000', null, null, null, 'CO', 'Colombia');
INSERT INTO PUBLIC.ERP_COUNTRY (ID, VERSION, CREATE_TS, CREATED_BY, UPDATE_TS, UPDATED_BY, DELETE_TS, DELETED_BY, COUNTRY_CODE, COUNTRY) VALUES ('9ad59894-4008-6b1a-b1bd-34919f289044', 1, '2019-12-12 10:22:08.862000', 'admin', '2019-12-12 10:22:08.862000', null, null, null, 'AQ', 'Antarctica');
INSERT INTO PUBLIC.ERP_COUNTRY (ID, VERSION, CREATE_TS, CREATED_BY, UPDATE_TS, UPDATED_BY, DELETE_TS, DELETED_BY, COUNTRY_CODE, COUNTRY) VALUES ('9b27e0cb-2354-0e3c-c676-8bebeaa33029', 1, '2019-12-12 10:22:08.866000', 'admin', '2019-12-12 10:22:08.866000', null, null, null, 'IL', 'Israel');
INSERT INTO PUBLIC.ERP_COUNTRY (ID, VERSION, CREATE_TS, CREATED_BY, UPDATE_TS, UPDATED_BY, DELETE_TS, DELETED_BY, COUNTRY_CODE, COUNTRY) VALUES ('9bdd879c-85a6-3e19-93d7-e2d48806edca', 1, '2019-12-12 10:22:08.878000', 'admin', '2019-12-12 10:22:08.878000', null, null, null, 'NC', 'New Caledonia');
INSERT INTO PUBLIC.ERP_COUNTRY (ID, VERSION, CREATE_TS, CREATED_BY, UPDATE_TS, UPDATED_BY, DELETE_TS, DELETED_BY, COUNTRY_CODE, COUNTRY) VALUES ('9d19e52b-318c-f503-eee8-d34bfed4a140', 1, '2019-12-12 10:22:08.865000', 'admin', '2019-12-12 10:22:08.865000', null, null, null, 'GE', 'Georgia');
INSERT INTO PUBLIC.ERP_COUNTRY (ID, VERSION, CREATE_TS, CREATED_BY, UPDATE_TS, UPDATED_BY, DELETE_TS, DELETED_BY, COUNTRY_CODE, COUNTRY) VALUES ('9e1d91e6-ae07-d5f3-7346-c00e2db6cc12', 1, '2019-12-12 10:22:08.879000', 'admin', '2019-12-12 10:22:08.879000', null, null, null, 'TM', 'Turkmenistan');
INSERT INTO PUBLIC.ERP_COUNTRY (ID, VERSION, CREATE_TS, CREATED_BY, UPDATE_TS, UPDATED_BY, DELETE_TS, DELETED_BY, COUNTRY_CODE, COUNTRY) VALUES ('9efcfc5a-0326-03e4-d4f8-67351fb9425e', 1, '2019-12-12 10:22:08.879000', 'admin', '2019-12-12 10:22:08.879000', null, null, null, 'PY', 'Paraguay');
INSERT INTO PUBLIC.ERP_COUNTRY (ID, VERSION, CREATE_TS, CREATED_BY, UPDATE_TS, UPDATED_BY, DELETE_TS, DELETED_BY, COUNTRY_CODE, COUNTRY) VALUES ('9f11ae71-67d6-cdc6-d33b-03691185531c', 1, '2019-12-12 10:22:08.880000', 'admin', '2019-12-12 10:22:08.880000', null, null, null, 'BL', 'Saint Barthélemy');
INSERT INTO PUBLIC.ERP_COUNTRY (ID, VERSION, CREATE_TS, CREATED_BY, UPDATE_TS, UPDATED_BY, DELETE_TS, DELETED_BY, COUNTRY_CODE, COUNTRY) VALUES ('a0af6360-a4d4-71db-c830-48a560919434', 1, '2019-12-12 10:22:08.863000', 'admin', '2019-12-12 10:22:08.863000', null, null, null, 'BR', 'Brazil');
INSERT INTO PUBLIC.ERP_COUNTRY (ID, VERSION, CREATE_TS, CREATED_BY, UPDATE_TS, UPDATED_BY, DELETE_TS, DELETED_BY, COUNTRY_CODE, COUNTRY) VALUES ('a1c5ee6d-f1ed-2a1e-9836-33256a66f06e', 1, '2019-12-12 10:22:08.878000', 'admin', '2019-12-12 10:22:08.878000', null, null, null, 'MT', 'Malta');
INSERT INTO PUBLIC.ERP_COUNTRY (ID, VERSION, CREATE_TS, CREATED_BY, UPDATE_TS, UPDATED_BY, DELETE_TS, DELETED_BY, COUNTRY_CODE, COUNTRY) VALUES ('a2d11ae3-0b7a-8907-3592-3dc958298665', 1, '2019-12-12 10:22:08.879000', 'admin', '2019-12-12 10:22:08.879000', null, null, null, 'SN', 'Senegal');
INSERT INTO PUBLIC.ERP_COUNTRY (ID, VERSION, CREATE_TS, CREATED_BY, UPDATE_TS, UPDATED_BY, DELETE_TS, DELETED_BY, COUNTRY_CODE, COUNTRY) VALUES ('a38c7fc6-08a3-290d-946f-d86c3a9cbc8c', 1, '2019-12-12 10:22:08.879000', 'admin', '2019-12-12 10:22:08.879000', null, null, null, 'US', 'United States');
INSERT INTO PUBLIC.ERP_COUNTRY (ID, VERSION, CREATE_TS, CREATED_BY, UPDATE_TS, UPDATED_BY, DELETE_TS, DELETED_BY, COUNTRY_CODE, COUNTRY) VALUES ('a457fb7a-79bd-0a2b-d83d-66a4c8cdd9c1', 1, '2019-12-12 10:22:08.866000', 'admin', '2019-12-12 10:22:08.866000', null, null, null, 'LA', 'Lao People''s Democratic Republic');
INSERT INTO PUBLIC.ERP_COUNTRY (ID, VERSION, CREATE_TS, CREATED_BY, UPDATE_TS, UPDATED_BY, DELETE_TS, DELETED_BY, COUNTRY_CODE, COUNTRY) VALUES ('a47ac388-afb8-7b94-b62b-4b7afad92869', 1, '2019-12-12 10:22:08.878000', 'admin', '2019-12-12 10:22:08.878000', null, null, null, 'PK', 'Pakistan');
INSERT INTO PUBLIC.ERP_COUNTRY (ID, VERSION, CREATE_TS, CREATED_BY, UPDATE_TS, UPDATED_BY, DELETE_TS, DELETED_BY, COUNTRY_CODE, COUNTRY) VALUES ('a48742a9-babd-9c45-97d3-72b1f894ab75', 1, '2019-12-12 10:22:08.878000', 'admin', '2019-12-12 10:22:08.878000', null, null, null, 'NF', 'Norfolk Island');
INSERT INTO PUBLIC.ERP_COUNTRY (ID, VERSION, CREATE_TS, CREATED_BY, UPDATE_TS, UPDATED_BY, DELETE_TS, DELETED_BY, COUNTRY_CODE, COUNTRY) VALUES ('a49fb36c-778c-e3b8-3422-41f051152930', 1, '2019-12-12 10:22:08.865000', 'admin', '2019-12-12 10:22:08.865000', null, null, null, 'GR', 'Greece');
INSERT INTO PUBLIC.ERP_COUNTRY (ID, VERSION, CREATE_TS, CREATED_BY, UPDATE_TS, UPDATED_BY, DELETE_TS, DELETED_BY, COUNTRY_CODE, COUNTRY) VALUES ('a6adfafe-b612-1fb1-eb55-86d238e0a696', 1, '2019-12-12 10:22:08.879000', 'admin', '2019-12-12 10:22:08.879000', null, null, null, 'TO', 'Tonga');
INSERT INTO PUBLIC.ERP_COUNTRY (ID, VERSION, CREATE_TS, CREATED_BY, UPDATE_TS, UPDATED_BY, DELETE_TS, DELETED_BY, COUNTRY_CODE, COUNTRY) VALUES ('a7b78657-077c-d482-9f19-753366cdc7a1', 1, '2019-12-12 10:22:08.879000', 'admin', '2019-12-12 10:22:08.879000', null, null, null, 'YT', 'Mayotte');
INSERT INTO PUBLIC.ERP_COUNTRY (ID, VERSION, CREATE_TS, CREATED_BY, UPDATE_TS, UPDATED_BY, DELETE_TS, DELETED_BY, COUNTRY_CODE, COUNTRY) VALUES ('a8ae8198-0dd5-f626-ec41-b76c1cc2ebd4', 1, '2019-12-12 10:22:08.878000', 'admin', '2019-12-12 10:22:08.878000', null, null, null, 'MH', 'Marshall Islands');
INSERT INTO PUBLIC.ERP_COUNTRY (ID, VERSION, CREATE_TS, CREATED_BY, UPDATE_TS, UPDATED_BY, DELETE_TS, DELETED_BY, COUNTRY_CODE, COUNTRY) VALUES ('abc90d54-0d65-98a2-b787-a020039833e1', 1, '2019-12-12 10:22:08.879000', 'admin', '2019-12-12 10:22:08.879000', null, null, null, 'SJ', 'Svalbard and Jan Mayen');
INSERT INTO PUBLIC.ERP_COUNTRY (ID, VERSION, CREATE_TS, CREATED_BY, UPDATE_TS, UPDATED_BY, DELETE_TS, DELETED_BY, COUNTRY_CODE, COUNTRY) VALUES ('ae274755-b7e5-635a-3b61-31e52c15cda2', 1, '2019-12-12 10:22:08.879000', 'admin', '2019-12-12 10:22:08.879000', null, null, null, 'QA', 'Qatar');
INSERT INTO PUBLIC.ERP_COUNTRY (ID, VERSION, CREATE_TS, CREATED_BY, UPDATE_TS, UPDATED_BY, DELETE_TS, DELETED_BY, COUNTRY_CODE, COUNTRY) VALUES ('ae95a6f9-f6cc-0bc2-9d60-e0e804781275', 1, '2019-12-12 10:22:08.866000', 'admin', '2019-12-12 10:22:08.866000', null, null, null, 'IR', 'Iran, Islamic Republic of');
INSERT INTO PUBLIC.ERP_COUNTRY (ID, VERSION, CREATE_TS, CREATED_BY, UPDATE_TS, UPDATED_BY, DELETE_TS, DELETED_BY, COUNTRY_CODE, COUNTRY) VALUES ('aedf8438-3f55-12e1-4d3c-7f0c938630cd', 1, '2019-12-12 10:22:08.865000', 'admin', '2019-12-12 10:22:08.865000', null, null, null, 'GB', 'United Kingdom');
INSERT INTO PUBLIC.ERP_COUNTRY (ID, VERSION, CREATE_TS, CREATED_BY, UPDATE_TS, UPDATED_BY, DELETE_TS, DELETED_BY, COUNTRY_CODE, COUNTRY) VALUES ('aee43129-828b-fcf6-b56c-03d2fade9096', 1, '2019-12-12 10:22:08.863000', 'admin', '2019-12-12 10:22:08.863000', null, null, null, 'CD', 'Congo, The Democratic Republic of the');
INSERT INTO PUBLIC.ERP_COUNTRY (ID, VERSION, CREATE_TS, CREATED_BY, UPDATE_TS, UPDATED_BY, DELETE_TS, DELETED_BY, COUNTRY_CODE, COUNTRY) VALUES ('aef26c0d-193c-d0b9-1e27-df2052a94b31', 1, '2019-12-12 10:22:08.879000', 'admin', '2019-12-12 10:22:08.879000', null, null, null, 'UZ', 'Uzbekistan');
INSERT INTO PUBLIC.ERP_COUNTRY (ID, VERSION, CREATE_TS, CREATED_BY, UPDATE_TS, UPDATED_BY, DELETE_TS, DELETED_BY, COUNTRY_CODE, COUNTRY) VALUES ('af679b92-6782-d6dc-a1e7-e5097c4e2d4a', 1, '2019-12-12 10:22:08.866000', 'admin', '2019-12-12 10:22:08.866000', null, null, null, 'IO', 'British Indian Ocean Territory');
INSERT INTO PUBLIC.ERP_COUNTRY (ID, VERSION, CREATE_TS, CREATED_BY, UPDATE_TS, UPDATED_BY, DELETE_TS, DELETED_BY, COUNTRY_CODE, COUNTRY) VALUES ('b02df10e-6e59-0868-fdd6-bd9d3c50ea70', 1, '2019-12-12 10:22:08.865000', 'admin', '2019-12-12 10:22:08.865000', null, null, null, 'EH', 'Western Sahara');
INSERT INTO PUBLIC.ERP_COUNTRY (ID, VERSION, CREATE_TS, CREATED_BY, UPDATE_TS, UPDATED_BY, DELETE_TS, DELETED_BY, COUNTRY_CODE, COUNTRY) VALUES ('b3478922-07f4-989c-ce91-1bdaf417edcb', 1, '2019-12-12 10:22:08.880000', 'admin', '2019-12-12 10:22:08.880000', null, null, null, 'CW', 'Curaçao');
INSERT INTO PUBLIC.ERP_COUNTRY (ID, VERSION, CREATE_TS, CREATED_BY, UPDATE_TS, UPDATED_BY, DELETE_TS, DELETED_BY, COUNTRY_CODE, COUNTRY) VALUES ('b491ba73-ff62-c810-122f-43c9808fc9df', 1, '2019-12-12 10:22:08.879000', 'admin', '2019-12-12 10:22:08.879000', null, null, null, 'TN', 'Tunisia');
INSERT INTO PUBLIC.ERP_COUNTRY (ID, VERSION, CREATE_TS, CREATED_BY, UPDATE_TS, UPDATED_BY, DELETE_TS, DELETED_BY, COUNTRY_CODE, COUNTRY) VALUES ('b54210de-4b4f-f839-fb0d-a3de166a3612', 1, '2019-12-12 10:22:08.879000', 'admin', '2019-12-12 10:22:08.879000', null, null, null, 'TR', 'Turkey');
INSERT INTO PUBLIC.ERP_COUNTRY (ID, VERSION, CREATE_TS, CREATED_BY, UPDATE_TS, UPDATED_BY, DELETE_TS, DELETED_BY, COUNTRY_CODE, COUNTRY) VALUES ('b650ec8a-001d-40d4-7aef-02dcb4d671a8', 1, '2019-12-12 10:22:08.863000', 'admin', '2019-12-12 10:22:08.863000', null, null, null, 'BH', 'Bahrain');
INSERT INTO PUBLIC.ERP_COUNTRY (ID, VERSION, CREATE_TS, CREATED_BY, UPDATE_TS, UPDATED_BY, DELETE_TS, DELETED_BY, COUNTRY_CODE, COUNTRY) VALUES ('b65ef2ce-bc35-8c3c-90fa-5a93d4d96451', 1, '2019-12-12 10:22:08.862000', 'admin', '2019-12-12 10:22:08.862000', null, null, null, 'BA', 'Bosnia and Herzegovina');
INSERT INTO PUBLIC.ERP_COUNTRY (ID, VERSION, CREATE_TS, CREATED_BY, UPDATE_TS, UPDATED_BY, DELETE_TS, DELETED_BY, COUNTRY_CODE, COUNTRY) VALUES ('b6800651-7502-d16d-acb3-e4f46fdb43ae', 1, '2019-12-12 10:22:08.879000', 'admin', '2019-12-12 10:22:08.879000', null, null, null, 'SA', 'Saudi Arabia');
INSERT INTO PUBLIC.ERP_COUNTRY (ID, VERSION, CREATE_TS, CREATED_BY, UPDATE_TS, UPDATED_BY, DELETE_TS, DELETED_BY, COUNTRY_CODE, COUNTRY) VALUES ('b86c3fc3-b2dc-2257-95d9-de993ccbacef', 1, '2019-12-12 10:22:08.865000', 'admin', '2019-12-12 10:22:08.865000', null, null, null, 'DM', 'Dominica');
INSERT INTO PUBLIC.ERP_COUNTRY (ID, VERSION, CREATE_TS, CREATED_BY, UPDATE_TS, UPDATED_BY, DELETE_TS, DELETED_BY, COUNTRY_CODE, COUNTRY) VALUES ('b8742775-3049-7326-a4cd-2555a3a09ec4', 1, '2019-12-12 10:22:08.879000', 'admin', '2019-12-12 10:22:08.879000', null, null, null, 'SE', 'Sweden');
INSERT INTO PUBLIC.ERP_COUNTRY (ID, VERSION, CREATE_TS, CREATED_BY, UPDATE_TS, UPDATED_BY, DELETE_TS, DELETED_BY, COUNTRY_CODE, COUNTRY) VALUES ('b93add83-15a9-0119-8fc3-cdad293ecc33', 1, '2019-12-12 10:22:08.854000', 'admin', '2019-12-12 10:22:08.854000', null, null, null, 'AG', 'Antigua and Barbuda');
INSERT INTO PUBLIC.ERP_COUNTRY (ID, VERSION, CREATE_TS, CREATED_BY, UPDATE_TS, UPDATED_BY, DELETE_TS, DELETED_BY, COUNTRY_CODE, COUNTRY) VALUES ('bb5f10a6-bf81-5a78-52f6-5c42763e0a83', 1, '2019-12-12 10:22:08.863000', 'admin', '2019-12-12 10:22:08.863000', null, null, null, 'CL', 'Chile');
INSERT INTO PUBLIC.ERP_COUNTRY (ID, VERSION, CREATE_TS, CREATED_BY, UPDATE_TS, UPDATED_BY, DELETE_TS, DELETED_BY, COUNTRY_CODE, COUNTRY) VALUES ('bc1c61d4-9a9a-c89f-7c45-7a4110daaf18', 1, '2019-12-12 10:22:08.874000', 'admin', '2019-12-12 10:22:08.874000', null, null, null, 'MC', 'Monaco');
INSERT INTO PUBLIC.ERP_COUNTRY (ID, VERSION, CREATE_TS, CREATED_BY, UPDATE_TS, UPDATED_BY, DELETE_TS, DELETED_BY, COUNTRY_CODE, COUNTRY) VALUES ('beb9c493-3079-416a-592d-6a8a72ad69d2', 1, '2019-12-12 10:22:08.863000', 'admin', '2019-12-12 10:22:08.863000', null, null, null, 'CH', 'Switzerland');
INSERT INTO PUBLIC.ERP_COUNTRY (ID, VERSION, CREATE_TS, CREATED_BY, UPDATE_TS, UPDATED_BY, DELETE_TS, DELETED_BY, COUNTRY_CODE, COUNTRY) VALUES ('c0124f67-4bec-324f-63fb-c00eb2bff75e', 1, '2019-12-12 10:22:08.865000', 'admin', '2019-12-12 10:22:08.865000', null, null, null, 'FI', 'Finland');
INSERT INTO PUBLIC.ERP_COUNTRY (ID, VERSION, CREATE_TS, CREATED_BY, UPDATE_TS, UPDATED_BY, DELETE_TS, DELETED_BY, COUNTRY_CODE, COUNTRY) VALUES ('c06c414d-77ae-eb6f-cc1d-8b1a5b48f30d', 1, '2019-12-12 10:22:08.865000', 'admin', '2019-12-12 10:22:08.865000', null, null, null, 'FO', 'Faroe Islands');
INSERT INTO PUBLIC.ERP_COUNTRY (ID, VERSION, CREATE_TS, CREATED_BY, UPDATE_TS, UPDATED_BY, DELETE_TS, DELETED_BY, COUNTRY_CODE, COUNTRY) VALUES ('c2364370-6baa-2547-ca68-9f7324499f39', 1, '2019-12-12 10:22:08.863000', 'admin', '2019-12-12 10:22:08.863000', null, null, null, 'CG', 'Congo');
INSERT INTO PUBLIC.ERP_COUNTRY (ID, VERSION, CREATE_TS, CREATED_BY, UPDATE_TS, UPDATED_BY, DELETE_TS, DELETED_BY, COUNTRY_CODE, COUNTRY) VALUES ('c2a3eabb-6c3d-cf04-2d61-38d1b5926078', 1, '2019-12-12 10:22:08.866000', 'admin', '2019-12-12 10:22:08.866000', null, null, null, 'HT', 'Haiti');
INSERT INTO PUBLIC.ERP_COUNTRY (ID, VERSION, CREATE_TS, CREATED_BY, UPDATE_TS, UPDATED_BY, DELETE_TS, DELETED_BY, COUNTRY_CODE, COUNTRY) VALUES ('c2ec995f-a596-254f-066f-f206d6411bf6', 1, '2019-12-12 10:22:08.879000', 'admin', '2019-12-12 10:22:08.879000', null, null, null, 'TG', 'Togo');
INSERT INTO PUBLIC.ERP_COUNTRY (ID, VERSION, CREATE_TS, CREATED_BY, UPDATE_TS, UPDATED_BY, DELETE_TS, DELETED_BY, COUNTRY_CODE, COUNTRY) VALUES ('c35fb581-c32f-f9c7-19c3-edd551940ca9', 1, '2019-12-12 10:22:08.879000', 'admin', '2019-12-12 10:22:08.879000', null, null, null, 'RU', 'Russian Federation');
INSERT INTO PUBLIC.ERP_COUNTRY (ID, VERSION, CREATE_TS, CREATED_BY, UPDATE_TS, UPDATED_BY, DELETE_TS, DELETED_BY, COUNTRY_CODE, COUNTRY) VALUES ('c47a9315-38fa-6497-8805-fa4af664a52f', 1, '2019-12-12 10:22:08.879000', 'admin', '2019-12-12 10:22:08.879000', null, null, null, 'ST', 'Sao Tome and Principe');
INSERT INTO PUBLIC.ERP_COUNTRY (ID, VERSION, CREATE_TS, CREATED_BY, UPDATE_TS, UPDATED_BY, DELETE_TS, DELETED_BY, COUNTRY_CODE, COUNTRY) VALUES ('c6fd8e16-5593-4445-9771-ca6bb33c5d6b', 1, '2019-12-12 10:22:08.879000', 'admin', '2019-12-12 10:22:08.879000', null, null, null, 'SM', 'San Marino');
INSERT INTO PUBLIC.ERP_COUNTRY (ID, VERSION, CREATE_TS, CREATED_BY, UPDATE_TS, UPDATED_BY, DELETE_TS, DELETED_BY, COUNTRY_CODE, COUNTRY) VALUES ('c8a4f537-b752-0c4b-f70b-8c30abd54d7e', 1, '2019-12-12 10:22:08.879000', 'admin', '2019-12-12 10:22:08.879000', null, null, null, 'RE', 'Réunion');
INSERT INTO PUBLIC.ERP_COUNTRY (ID, VERSION, CREATE_TS, CREATED_BY, UPDATE_TS, UPDATED_BY, DELETE_TS, DELETED_BY, COUNTRY_CODE, COUNTRY) VALUES ('caf77268-cb5c-fbc1-68c0-8342f3016766', 1, '2019-12-12 10:22:08.879000', 'admin', '2019-12-12 10:22:08.879000', null, null, null, 'UA', 'Ukraine');
INSERT INTO PUBLIC.ERP_COUNTRY (ID, VERSION, CREATE_TS, CREATED_BY, UPDATE_TS, UPDATED_BY, DELETE_TS, DELETED_BY, COUNTRY_CODE, COUNTRY) VALUES ('cb9dfc0f-ce29-ac67-fa0c-062ece03b93e', 1, '2019-12-12 10:22:08.863000', 'admin', '2019-12-12 10:22:08.863000', null, null, null, 'CC', 'Cocos (Keeling) Islands');
INSERT INTO PUBLIC.ERP_COUNTRY (ID, VERSION, CREATE_TS, CREATED_BY, UPDATE_TS, UPDATED_BY, DELETE_TS, DELETED_BY, COUNTRY_CODE, COUNTRY) VALUES ('cce491b3-6554-dc46-d1a9-06a9d99d5fb9', 1, '2019-12-12 10:22:08.865000', 'admin', '2019-12-12 10:22:08.865000', null, null, null, 'GI', 'Gibraltar');
INSERT INTO PUBLIC.ERP_COUNTRY (ID, VERSION, CREATE_TS, CREATED_BY, UPDATE_TS, UPDATED_BY, DELETE_TS, DELETED_BY, COUNTRY_CODE, COUNTRY) VALUES ('cd1a37dd-135c-011a-4cc7-79a91087b147', 1, '2019-12-12 10:22:08.879000', 'admin', '2019-12-12 10:22:08.879000', null, null, null, 'TL', 'Timor-Leste');
INSERT INTO PUBLIC.ERP_COUNTRY (ID, VERSION, CREATE_TS, CREATED_BY, UPDATE_TS, UPDATED_BY, DELETE_TS, DELETED_BY, COUNTRY_CODE, COUNTRY) VALUES ('cdc10bbe-b448-fac9-c7f3-23afb31d8bcd', 1, '2019-12-12 10:22:08.863000', 'admin', '2019-12-12 10:22:08.863000', null, null, null, 'CM', 'Cameroon');
INSERT INTO PUBLIC.ERP_COUNTRY (ID, VERSION, CREATE_TS, CREATED_BY, UPDATE_TS, UPDATED_BY, DELETE_TS, DELETED_BY, COUNTRY_CODE, COUNTRY) VALUES ('d12e4cf2-acdb-d9ee-d710-1db9da6f96c2', 1, '2019-12-12 10:22:08.863000', 'admin', '2019-12-12 10:22:08.863000', null, null, null, 'BJ', 'Benin');
INSERT INTO PUBLIC.ERP_COUNTRY (ID, VERSION, CREATE_TS, CREATED_BY, UPDATE_TS, UPDATED_BY, DELETE_TS, DELETED_BY, COUNTRY_CODE, COUNTRY) VALUES ('d30e290a-1cb1-67eb-1942-a778ffbcfa2f', 1, '2019-12-12 10:22:08.868000', 'admin', '2019-12-12 10:22:08.868000', null, null, null, 'LT', 'Lithuania');
INSERT INTO PUBLIC.ERP_COUNTRY (ID, VERSION, CREATE_TS, CREATED_BY, UPDATE_TS, UPDATED_BY, DELETE_TS, DELETED_BY, COUNTRY_CODE, COUNTRY) VALUES ('d47668d1-be98-69bd-826d-0d5d9927ac9b', 1, '2019-12-12 10:22:08.879000', 'admin', '2019-12-12 10:22:08.879000', null, null, null, 'SL', 'Sierra Leone');
INSERT INTO PUBLIC.ERP_COUNTRY (ID, VERSION, CREATE_TS, CREATED_BY, UPDATE_TS, UPDATED_BY, DELETE_TS, DELETED_BY, COUNTRY_CODE, COUNTRY) VALUES ('d49682bb-4572-5eb7-d5d7-81d336b729f0', 1, '2019-12-12 10:22:08.878000', 'admin', '2019-12-12 10:22:08.878000', null, null, null, 'MN', 'Mongolia');
INSERT INTO PUBLIC.ERP_COUNTRY (ID, VERSION, CREATE_TS, CREATED_BY, UPDATE_TS, UPDATED_BY, DELETE_TS, DELETED_BY, COUNTRY_CODE, COUNTRY) VALUES ('d5ca6a4a-8676-d369-f95a-75afc5c46513', 1, '2019-12-12 10:22:08.866000', 'admin', '2019-12-12 10:22:08.866000', null, null, null, 'KW', 'Kuwait');
INSERT INTO PUBLIC.ERP_COUNTRY (ID, VERSION, CREATE_TS, CREATED_BY, UPDATE_TS, UPDATED_BY, DELETE_TS, DELETED_BY, COUNTRY_CODE, COUNTRY) VALUES ('d6523bb4-f06e-9783-6b2b-942211cd37fb', 1, '2019-12-12 10:22:08.878000', 'admin', '2019-12-12 10:22:08.878000', null, null, null, 'PM', 'Saint Pierre and Miquelon');
INSERT INTO PUBLIC.ERP_COUNTRY (ID, VERSION, CREATE_TS, CREATED_BY, UPDATE_TS, UPDATED_BY, DELETE_TS, DELETED_BY, COUNTRY_CODE, COUNTRY) VALUES ('d70526cd-5292-5e7f-ce98-e961a0c221a5', 1, '2019-12-12 10:22:08.878000', 'admin', '2019-12-12 10:22:08.878000', null, null, null, 'NP', 'Nepal');
INSERT INTO PUBLIC.ERP_COUNTRY (ID, VERSION, CREATE_TS, CREATED_BY, UPDATE_TS, UPDATED_BY, DELETE_TS, DELETED_BY, COUNTRY_CODE, COUNTRY) VALUES ('d75337e7-e214-1ab9-e81b-704e2502971b', 1, '2019-12-12 10:22:08.863000', 'admin', '2019-12-12 10:22:08.863000', null, null, null, 'BN', 'Brunei Darussalam');
INSERT INTO PUBLIC.ERP_COUNTRY (ID, VERSION, CREATE_TS, CREATED_BY, UPDATE_TS, UPDATED_BY, DELETE_TS, DELETED_BY, COUNTRY_CODE, COUNTRY) VALUES ('d8559bf7-45db-219d-f16f-deb5dedceb8e', 1, '2019-12-12 10:22:08.878000', 'admin', '2019-12-12 10:22:08.878000', null, null, null, 'MQ', 'Martinique');
INSERT INTO PUBLIC.ERP_COUNTRY (ID, VERSION, CREATE_TS, CREATED_BY, UPDATE_TS, UPDATED_BY, DELETE_TS, DELETED_BY, COUNTRY_CODE, COUNTRY) VALUES ('d8ec436e-bde7-fb5c-54fc-fa26eb7cffd2', 1, '2019-12-12 10:22:08.879000', 'admin', '2019-12-12 10:22:08.879000', null, null, null, 'TF', 'French Southern Territories');
INSERT INTO PUBLIC.ERP_COUNTRY (ID, VERSION, CREATE_TS, CREATED_BY, UPDATE_TS, UPDATED_BY, DELETE_TS, DELETED_BY, COUNTRY_CODE, COUNTRY) VALUES ('dc586cf9-61d1-f954-e99f-81e4df3d709f', 1, '2019-12-12 10:22:08.880000', 'admin', '2019-12-12 10:22:08.880000', null, null, null, 'SS', 'South Sudan');
INSERT INTO PUBLIC.ERP_COUNTRY (ID, VERSION, CREATE_TS, CREATED_BY, UPDATE_TS, UPDATED_BY, DELETE_TS, DELETED_BY, COUNTRY_CODE, COUNTRY) VALUES ('def725da-041f-4682-63c2-ffef413bed23', 1, '2019-12-12 10:22:08.862000', 'admin', '2019-12-12 10:22:08.862000', null, null, null, 'BB', 'Barbados');
INSERT INTO PUBLIC.ERP_COUNTRY (ID, VERSION, CREATE_TS, CREATED_BY, UPDATE_TS, UPDATED_BY, DELETE_TS, DELETED_BY, COUNTRY_CODE, COUNTRY) VALUES ('e174fcec-261d-6b93-052a-d6ba0fde7ce4', 1, '2019-12-12 10:22:08.878000', 'admin', '2019-12-12 10:22:08.878000', null, null, null, 'MM', 'Myanmar');
INSERT INTO PUBLIC.ERP_COUNTRY (ID, VERSION, CREATE_TS, CREATED_BY, UPDATE_TS, UPDATED_BY, DELETE_TS, DELETED_BY, COUNTRY_CODE, COUNTRY) VALUES ('e230ee5a-e650-76ed-5926-07da1a9dcd2e', 1, '2019-12-12 10:22:08.862000', 'admin', '2019-12-12 10:22:08.862000', null, null, null, 'AU', 'Australia');
INSERT INTO PUBLIC.ERP_COUNTRY (ID, VERSION, CREATE_TS, CREATED_BY, UPDATE_TS, UPDATED_BY, DELETE_TS, DELETED_BY, COUNTRY_CODE, COUNTRY) VALUES ('e3bfc3ed-c360-9c61-0a8c-6c4b45107e38', 1, '2019-12-12 10:22:08.878000', 'admin', '2019-12-12 10:22:08.878000', null, null, null, 'ML', 'Mali');
INSERT INTO PUBLIC.ERP_COUNTRY (ID, VERSION, CREATE_TS, CREATED_BY, UPDATE_TS, UPDATED_BY, DELETE_TS, DELETED_BY, COUNTRY_CODE, COUNTRY) VALUES ('e3e412c3-40ff-6497-ba08-b2969618ca68', 1, '2019-12-12 10:22:08.866000', 'admin', '2019-12-12 10:22:08.866000', null, null, null, 'KG', 'Kyrgyzstan');
INSERT INTO PUBLIC.ERP_COUNTRY (ID, VERSION, CREATE_TS, CREATED_BY, UPDATE_TS, UPDATED_BY, DELETE_TS, DELETED_BY, COUNTRY_CODE, COUNTRY) VALUES ('e424e785-247e-aba7-d74b-116541de4ff6', 1, '2019-12-12 10:22:08.867000', 'admin', '2019-12-12 10:22:08.867000', null, null, null, 'LI', 'Liechtenstein');
INSERT INTO PUBLIC.ERP_COUNTRY (ID, VERSION, CREATE_TS, CREATED_BY, UPDATE_TS, UPDATED_BY, DELETE_TS, DELETED_BY, COUNTRY_CODE, COUNTRY) VALUES ('e4cd4f41-3d0d-5aff-8fe0-0e8be0a9b08f', 1, '2019-12-12 10:22:08.846000', 'admin', '2019-12-12 10:22:08.846000', null, null, null, 'AD', 'Andorra');
INSERT INTO PUBLIC.ERP_COUNTRY (ID, VERSION, CREATE_TS, CREATED_BY, UPDATE_TS, UPDATED_BY, DELETE_TS, DELETED_BY, COUNTRY_CODE, COUNTRY) VALUES ('e5c60719-bcb0-4381-5803-096846a30d05', 1, '2019-12-12 10:22:08.878000', 'admin', '2019-12-12 10:22:08.878000', null, null, null, 'NE', 'Niger');
INSERT INTO PUBLIC.ERP_COUNTRY (ID, VERSION, CREATE_TS, CREATED_BY, UPDATE_TS, UPDATED_BY, DELETE_TS, DELETED_BY, COUNTRY_CODE, COUNTRY) VALUES ('e7369387-ba98-d0c5-18be-bf636e37300f', 1, '2019-12-12 10:22:08.879000', 'admin', '2019-12-12 10:22:08.879000', null, null, null, 'SR', 'Suriname');
INSERT INTO PUBLIC.ERP_COUNTRY (ID, VERSION, CREATE_TS, CREATED_BY, UPDATE_TS, UPDATED_BY, DELETE_TS, DELETED_BY, COUNTRY_CODE, COUNTRY) VALUES ('e827690e-5a62-ae61-dcaa-d4f50e7dc380', 1, '2019-12-12 10:22:08.879000', 'admin', '2019-12-12 10:22:08.879000', null, null, null, 'TH', 'Thailand');
INSERT INTO PUBLIC.ERP_COUNTRY (ID, VERSION, CREATE_TS, CREATED_BY, UPDATE_TS, UPDATED_BY, DELETE_TS, DELETED_BY, COUNTRY_CODE, COUNTRY) VALUES ('e8aefa7c-566b-edcd-ef83-299322c42cb7', 1, '2019-12-12 10:22:08.863000', 'admin', '2019-12-12 10:22:08.863000', null, null, null, 'BI', 'Burundi');
INSERT INTO PUBLIC.ERP_COUNTRY (ID, VERSION, CREATE_TS, CREATED_BY, UPDATE_TS, UPDATED_BY, DELETE_TS, DELETED_BY, COUNTRY_CODE, COUNTRY) VALUES ('ead1c8ba-309a-e556-9c25-3e70b0f6e97a', 1, '2019-12-12 10:22:08.879000', 'admin', '2019-12-12 10:22:08.879000', null, null, null, 'VC', 'Saint Vincent and the Grenadines');
INSERT INTO PUBLIC.ERP_COUNTRY (ID, VERSION, CREATE_TS, CREATED_BY, UPDATE_TS, UPDATED_BY, DELETE_TS, DELETED_BY, COUNTRY_CODE, COUNTRY) VALUES ('edb495bf-cb76-d026-86a9-c978012521f0', 1, '2019-12-12 10:22:08.865000', 'admin', '2019-12-12 10:22:08.865000', null, null, null, 'DK', 'Denmark');
INSERT INTO PUBLIC.ERP_COUNTRY (ID, VERSION, CREATE_TS, CREATED_BY, UPDATE_TS, UPDATED_BY, DELETE_TS, DELETED_BY, COUNTRY_CODE, COUNTRY) VALUES ('ef4b7d4e-767e-5b8c-347b-c0fb46b7c187', 1, '2019-12-12 10:22:08.866000', 'admin', '2019-12-12 10:22:08.866000', null, null, null, 'KH', 'Cambodia');
INSERT INTO PUBLIC.ERP_COUNTRY (ID, VERSION, CREATE_TS, CREATED_BY, UPDATE_TS, UPDATED_BY, DELETE_TS, DELETED_BY, COUNTRY_CODE, COUNTRY) VALUES ('ef5cb2c1-d9d6-c119-3140-7b04c21500ac', 1, '2019-12-12 10:22:08.879000', 'admin', '2019-12-12 10:22:08.879000', null, null, null, 'SK', 'Slovakia');
INSERT INTO PUBLIC.ERP_COUNTRY (ID, VERSION, CREATE_TS, CREATED_BY, UPDATE_TS, UPDATED_BY, DELETE_TS, DELETED_BY, COUNTRY_CODE, COUNTRY) VALUES ('f03a0a5e-6be6-933e-f265-9f3aaa72c6d0', 1, '2019-12-12 10:22:08.865000', 'admin', '2019-12-12 10:22:08.865000', null, null, null, 'CZ', 'Czech Republic');
INSERT INTO PUBLIC.ERP_COUNTRY (ID, VERSION, CREATE_TS, CREATED_BY, UPDATE_TS, UPDATED_BY, DELETE_TS, DELETED_BY, COUNTRY_CODE, COUNTRY) VALUES ('f31185eb-4bf9-92a6-d7f3-1b3bc6b79adb', 1, '2019-12-12 10:22:08.867000', 'admin', '2019-12-12 10:22:08.867000', null, null, null, 'LB', 'Lebanon');
INSERT INTO PUBLIC.ERP_COUNTRY (ID, VERSION, CREATE_TS, CREATED_BY, UPDATE_TS, UPDATED_BY, DELETE_TS, DELETED_BY, COUNTRY_CODE, COUNTRY) VALUES ('f3b3f82b-4010-18c5-b92b-5a353f123675', 1, '2019-12-12 10:22:08.865000', 'admin', '2019-12-12 10:22:08.865000', null, null, null, 'DJ', 'Djibouti');
INSERT INTO PUBLIC.ERP_COUNTRY (ID, VERSION, CREATE_TS, CREATED_BY, UPDATE_TS, UPDATED_BY, DELETE_TS, DELETED_BY, COUNTRY_CODE, COUNTRY) VALUES ('f4234a8f-0b55-0121-1331-b55a3662ff52', 1, '2019-12-12 10:22:08.879000', 'admin', '2019-12-12 10:22:08.879000', null, null, null, 'SZ', 'Swaziland');
INSERT INTO PUBLIC.ERP_COUNTRY (ID, VERSION, CREATE_TS, CREATED_BY, UPDATE_TS, UPDATED_BY, DELETE_TS, DELETED_BY, COUNTRY_CODE, COUNTRY) VALUES ('f5428490-6a45-1d44-1ac5-c3417b6667b4', 1, '2019-12-12 10:22:08.866000', 'admin', '2019-12-12 10:22:08.866000', null, null, null, 'KY', 'Cayman Islands');
INSERT INTO PUBLIC.ERP_COUNTRY (ID, VERSION, CREATE_TS, CREATED_BY, UPDATE_TS, UPDATED_BY, DELETE_TS, DELETED_BY, COUNTRY_CODE, COUNTRY) VALUES ('f88afcd0-1c6b-4987-4e7e-cda21c6a30b8', 1, '2019-12-12 10:22:08.879000', 'admin', '2019-12-12 10:22:08.879000', null, null, null, 'PS', 'Palestine, State of');
INSERT INTO PUBLIC.ERP_COUNTRY (ID, VERSION, CREATE_TS, CREATED_BY, UPDATE_TS, UPDATED_BY, DELETE_TS, DELETED_BY, COUNTRY_CODE, COUNTRY) VALUES ('f8c96bd8-ea81-55e1-31bc-73d324b53cc0', 1, '2019-12-12 10:22:08.863000', 'admin', '2019-12-12 10:22:08.863000', null, null, null, 'BF', 'Burkina Faso');
INSERT INTO PUBLIC.ERP_COUNTRY (ID, VERSION, CREATE_TS, CREATED_BY, UPDATE_TS, UPDATED_BY, DELETE_TS, DELETED_BY, COUNTRY_CODE, COUNTRY) VALUES ('fb5fb4ef-bb9e-116e-4101-cfc89c64ee02', 1, '2019-12-12 10:22:08.865000', 'admin', '2019-12-12 10:22:08.865000', null, null, null, 'GM', 'Gambia');
INSERT INTO PUBLIC.ERP_COUNTRY (ID, VERSION, CREATE_TS, CREATED_BY, UPDATE_TS, UPDATED_BY, DELETE_TS, DELETED_BY, COUNTRY_CODE, COUNTRY) VALUES ('fd2684c1-7b9d-b13b-728f-31c099064e57', 1, '2019-12-12 10:22:08.863000', 'admin', '2019-12-12 10:22:08.863000', null, null, null, 'BD', 'Bangladesh');
INSERT INTO PUBLIC.ERP_COUNTRY (ID, VERSION, CREATE_TS, CREATED_BY, UPDATE_TS, UPDATED_BY, DELETE_TS, DELETED_BY, COUNTRY_CODE, COUNTRY) VALUES ('fd94d474-1396-7363-3459-380a83acecf5', 1, '2019-12-12 10:22:08.878000', 'admin', '2019-12-12 10:22:08.878000', null, null, null, 'MS', 'Montserrat');
INSERT INTO PUBLIC.ERP_COUNTRY (ID, VERSION, CREATE_TS, CREATED_BY, UPDATE_TS, UPDATED_BY, DELETE_TS, DELETED_BY, COUNTRY_CODE, COUNTRY) VALUES ('fdaae546-8b8d-d7c5-f196-efe820651f6d', 1, '2019-12-12 10:22:08.866000', 'admin', '2019-12-12 10:22:08.866000', null, null, null, 'GU', 'Guam');
INSERT INTO PUBLIC.ERP_COUNTRY (ID, VERSION, CREATE_TS, CREATED_BY, UPDATE_TS, UPDATED_BY, DELETE_TS, DELETED_BY, COUNTRY_CODE, COUNTRY) VALUES ('feb84182-bcc5-c098-2ad8-223350c3185d', 1, '2019-12-12 10:22:08.879000', 'admin', '2019-12-12 10:22:08.879000', null, null, null, 'ME', 'Montenegro');
INSERT INTO PUBLIC.ERP_COUNTRY (ID, VERSION, CREATE_TS, CREATED_BY, UPDATE_TS, UPDATED_BY, DELETE_TS, DELETED_BY, COUNTRY_CODE, COUNTRY) VALUES ('ff418ae9-501c-042d-f736-52d80ad32860', 1, '2019-12-12 10:22:08.879000', 'admin', '2019-12-12 10:22:08.879000', null, null, null, 'VU', 'Vanuatu');
--end country init data

--begin cities data
INSERT INTO PUBLIC.ERP_CITY (ID, VERSION, CREATE_TS, CREATED_BY, UPDATE_TS, UPDATED_BY, DELETE_TS, DELETED_BY, CITY, COORDINATES, COUNTRY_ID) VALUES ('00e68f35-b99b-7aa9-7b94-20f0eb68989e', 1, '2020-01-08 04:24:24.718000', 'admin', '2020-01-08 04:24:24.718000', null, null, null, 'VALLETA', '', '4238d410-7f98-f784-93fa-7c4819d12819');
INSERT INTO PUBLIC.ERP_CITY (ID, VERSION, CREATE_TS, CREATED_BY, UPDATE_TS, UPDATED_BY, DELETE_TS, DELETED_BY, CITY, COORDINATES, COUNTRY_ID) VALUES ('01a6ac5e-7d16-ace3-f469-f85b760f8341', 1, '2020-01-08 04:24:24.703000', 'admin', '2020-01-08 04:24:24.703000', null, null, null, 'Vieux Grand Port', '', '4238d410-7f98-f784-93fa-7c4819d12819');
INSERT INTO PUBLIC.ERP_CITY (ID, VERSION, CREATE_TS, CREATED_BY, UPDATE_TS, UPDATED_BY, DELETE_TS, DELETED_BY, CITY, COORDINATES, COUNTRY_ID) VALUES ('039a192c-f95a-7d37-b729-0b881e80069c', 1, '2020-01-08 04:24:24.706000', 'admin', '2020-01-08 04:24:24.706000', null, null, null, 'Riviere du Poste', '', '4238d410-7f98-f784-93fa-7c4819d12819');
INSERT INTO PUBLIC.ERP_CITY (ID, VERSION, CREATE_TS, CREATED_BY, UPDATE_TS, UPDATED_BY, DELETE_TS, DELETED_BY, CITY, COORDINATES, COUNTRY_ID) VALUES ('03b81762-4090-26e3-daf4-53f529f0ef4f', 1, '2020-01-08 04:24:24.696000', 'admin', '2020-01-08 04:24:24.696000', null, null, null, 'Riviere Noire(Black River)', '2021S 05721E', '4238d410-7f98-f784-93fa-7c4819d12819');
INSERT INTO PUBLIC.ERP_CITY (ID, VERSION, CREATE_TS, CREATED_BY, UPDATE_TS, UPDATED_BY, DELETE_TS, DELETED_BY, CITY, COORDINATES, COUNTRY_ID) VALUES ('03f2c379-e02e-0b29-3871-21228059ecf7', 1, '2020-01-08 04:24:24.694000', 'admin', '2020-01-08 04:24:24.694000', null, null, null, 'La Mivoie', '2020S 05721E', '4238d410-7f98-f784-93fa-7c4819d12819');
INSERT INTO PUBLIC.ERP_CITY (ID, VERSION, CREATE_TS, CREATED_BY, UPDATE_TS, UPDATED_BY, DELETE_TS, DELETED_BY, CITY, COORDINATES, COUNTRY_ID) VALUES ('04c5692d-3dce-4378-d744-9d765ff0e629', 1, '2020-01-08 04:24:24.695000', 'admin', '2020-01-08 04:24:24.695000', null, null, null, 'Port Louis', '', '4238d410-7f98-f784-93fa-7c4819d12819');
INSERT INTO PUBLIC.ERP_CITY (ID, VERSION, CREATE_TS, CREATED_BY, UPDATE_TS, UPDATED_BY, DELETE_TS, DELETED_BY, CITY, COORDINATES, COUNTRY_ID) VALUES ('057b3bcf-3801-82c0-26ac-4be79ca01ad6', 1, '2020-01-08 04:24:24.706000', 'admin', '2020-01-08 04:24:24.706000', null, null, null, 'Mare La Chaux', '', '4238d410-7f98-f784-93fa-7c4819d12819');
INSERT INTO PUBLIC.ERP_CITY (ID, VERSION, CREATE_TS, CREATED_BY, UPDATE_TS, UPDATED_BY, DELETE_TS, DELETED_BY, CITY, COORDINATES, COUNTRY_ID) VALUES ('05e821f4-13c7-f3c6-689b-62a8b26f3840', 1, '2020-01-08 04:24:24.694000', 'admin', '2020-01-08 04:24:24.694000', null, null, null, 'Mapou', '2001S 05734E', '4238d410-7f98-f784-93fa-7c4819d12819');
INSERT INTO PUBLIC.ERP_CITY (ID, VERSION, CREATE_TS, CREATED_BY, UPDATE_TS, UPDATED_BY, DELETE_TS, DELETED_BY, CITY, COORDINATES, COUNTRY_ID) VALUES ('06f1bccc-bfb9-147d-7933-1018b070543b', 1, '2020-01-08 04:24:24.700000', 'admin', '2020-01-08 04:24:24.700000', null, null, null, 'Écroignard', '', '4238d410-7f98-f784-93fa-7c4819d12819');
INSERT INTO PUBLIC.ERP_CITY (ID, VERSION, CREATE_TS, CREATED_BY, UPDATE_TS, UPDATED_BY, DELETE_TS, DELETED_BY, CITY, COORDINATES, COUNTRY_ID) VALUES ('07c82b15-9964-949e-81c9-fc95890149e6', 1, '2020-01-08 04:24:24.700000', 'admin', '2020-01-08 04:24:24.700000', null, null, null, 'Morcellement Saint André', '', '4238d410-7f98-f784-93fa-7c4819d12819');
INSERT INTO PUBLIC.ERP_CITY (ID, VERSION, CREATE_TS, CREATED_BY, UPDATE_TS, UPDATED_BY, DELETE_TS, DELETED_BY, CITY, COORDINATES, COUNTRY_ID) VALUES ('07fef593-8d71-d1c8-3087-7cb6b4cd86aa', 1, '2020-01-08 04:24:24.700000', 'admin', '2020-01-08 04:24:24.700000', null, null, null, 'Montagne Longue', '', '4238d410-7f98-f784-93fa-7c4819d12819');
INSERT INTO PUBLIC.ERP_CITY (ID, VERSION, CREATE_TS, CREATED_BY, UPDATE_TS, UPDATED_BY, DELETE_TS, DELETED_BY, CITY, COORDINATES, COUNTRY_ID) VALUES ('08c31fc9-a950-0496-0475-db28898b9f9f', 1, '2020-01-08 04:24:24.697000', 'admin', '2020-01-08 04:24:24.697000', null, null, null, 'Trou d''eau Douce', '2014S 05746E', '4238d410-7f98-f784-93fa-7c4819d12819');
INSERT INTO PUBLIC.ERP_CITY (ID, VERSION, CREATE_TS, CREATED_BY, UPDATE_TS, UPDATED_BY, DELETE_TS, DELETED_BY, CITY, COORDINATES, COUNTRY_ID) VALUES ('097a9442-1bb8-141c-c7f9-19af098d4cf7', 1, '2020-01-08 04:24:24.694000', 'admin', '2020-01-08 04:24:24.694000', null, null, null, 'Moka', '2013S 05729E', '4238d410-7f98-f784-93fa-7c4819d12819');
INSERT INTO PUBLIC.ERP_CITY (ID, VERSION, CREATE_TS, CREATED_BY, UPDATE_TS, UPDATED_BY, DELETE_TS, DELETED_BY, CITY, COORDINATES, COUNTRY_ID) VALUES ('0bab867a-c1e6-3491-2af2-10d7b8ad4d8c', 1, '2020-01-08 04:24:24.695000', 'admin', '2020-01-08 04:24:24.695000', null, null, null, 'Pointe d’Esny', '2025S 05743E', '4238d410-7f98-f784-93fa-7c4819d12819');
INSERT INTO PUBLIC.ERP_CITY (ID, VERSION, CREATE_TS, CREATED_BY, UPDATE_TS, UPDATED_BY, DELETE_TS, DELETED_BY, CITY, COORDINATES, COUNTRY_ID) VALUES ('0c4f4429-e812-02e1-032e-e95a2fe22b0a', 1, '2020-01-08 04:24:24.698000', 'admin', '2020-01-08 04:24:24.698000', null, null, null, 'Vacoas', '2017S 05728E', '4238d410-7f98-f784-93fa-7c4819d12819');
INSERT INTO PUBLIC.ERP_CITY (ID, VERSION, CREATE_TS, CREATED_BY, UPDATE_TS, UPDATED_BY, DELETE_TS, DELETED_BY, CITY, COORDINATES, COUNTRY_ID) VALUES ('0edac002-fa87-5848-fcaf-7c6661419168', 1, '2020-01-08 04:24:24.692000', 'admin', '2020-01-08 04:24:24.692000', null, null, null, 'Cap Malheureux', '1959S 05736E', '4238d410-7f98-f784-93fa-7c4819d12819');
INSERT INTO PUBLIC.ERP_CITY (ID, VERSION, CREATE_TS, CREATED_BY, UPDATE_TS, UPDATED_BY, DELETE_TS, DELETED_BY, CITY, COORDINATES, COUNTRY_ID) VALUES ('1252a283-ef02-ade8-ab90-91a2137ddd00', 1, '2020-01-08 04:24:24.715000', 'admin', '2020-01-08 04:24:24.715000', null, null, null, 'Soreze', '', '4238d410-7f98-f784-93fa-7c4819d12819');
INSERT INTO PUBLIC.ERP_CITY (ID, VERSION, CREATE_TS, CREATED_BY, UPDATE_TS, UPDATED_BY, DELETE_TS, DELETED_BY, CITY, COORDINATES, COUNTRY_ID) VALUES ('134b62e5-2edc-d070-5614-07c756a5e7fa', 1, '2020-01-08 04:24:24.694000', 'admin', '2020-01-08 04:24:24.694000', null, null, null, 'Nouvelle France', '2022S 05733E', '4238d410-7f98-f784-93fa-7c4819d12819');
INSERT INTO PUBLIC.ERP_CITY (ID, VERSION, CREATE_TS, CREATED_BY, UPDATE_TS, UPDATED_BY, DELETE_TS, DELETED_BY, CITY, COORDINATES, COUNTRY_ID) VALUES ('1363c428-f7bf-010d-3e6c-20734e98fd33', 1, '2020-01-08 04:24:24.696000', 'admin', '2020-01-08 04:24:24.696000', null, null, null, 'Quatre Bornes', '2015S 05728E', '4238d410-7f98-f784-93fa-7c4819d12819');
INSERT INTO PUBLIC.ERP_CITY (ID, VERSION, CREATE_TS, CREATED_BY, UPDATE_TS, UPDATED_BY, DELETE_TS, DELETED_BY, CITY, COORDINATES, COUNTRY_ID) VALUES ('153bd10d-22e3-f754-f209-072b57eca949', 1, '2020-01-08 04:24:24.718000', 'admin', '2020-01-08 04:24:24.718000', null, null, null, 'Flacq', '', '4238d410-7f98-f784-93fa-7c4819d12819');
INSERT INTO PUBLIC.ERP_CITY (ID, VERSION, CREATE_TS, CREATED_BY, UPDATE_TS, UPDATED_BY, DELETE_TS, DELETED_BY, CITY, COORDINATES, COUNTRY_ID) VALUES ('157161bc-51e7-7296-d548-019728face7a', 1, '2020-01-08 04:24:24.703000', 'admin', '2020-01-08 04:24:24.703000', null, null, null, 'Nouvelle Decouverte', '', '4238d410-7f98-f784-93fa-7c4819d12819');
INSERT INTO PUBLIC.ERP_CITY (ID, VERSION, CREATE_TS, CREATED_BY, UPDATE_TS, UPDATED_BY, DELETE_TS, DELETED_BY, CITY, COORDINATES, COUNTRY_ID) VALUES ('16b6a827-1842-05cc-d8aa-cc0be343e7fd', 1, '2020-01-08 04:24:24.702000', 'admin', '2020-01-08 04:24:24.702000', null, null, null, 'Bois Cheri', '', '4238d410-7f98-f784-93fa-7c4819d12819');
INSERT INTO PUBLIC.ERP_CITY (ID, VERSION, CREATE_TS, CREATED_BY, UPDATE_TS, UPDATED_BY, DELETE_TS, DELETED_BY, CITY, COORDINATES, COUNTRY_ID) VALUES ('1708246e-daaa-2d69-ddbf-beb961cd19d8', 1, '2020-01-08 04:24:24.704000', 'admin', '2020-01-08 04:24:24.704000', null, null, null, 'Dubreuil', '', '4238d410-7f98-f784-93fa-7c4819d12819');
INSERT INTO PUBLIC.ERP_CITY (ID, VERSION, CREATE_TS, CREATED_BY, UPDATE_TS, UPDATED_BY, DELETE_TS, DELETED_BY, CITY, COORDINATES, COUNTRY_ID) VALUES ('17e8a8ae-14a3-0ba3-7070-a4743c5cd113', 1, '2020-01-08 04:24:24.717000', 'admin', '2020-01-08 04:24:24.717000', null, null, null, 'Pointe Aux Biches', '', '4238d410-7f98-f784-93fa-7c4819d12819');
INSERT INTO PUBLIC.ERP_CITY (ID, VERSION, CREATE_TS, CREATED_BY, UPDATE_TS, UPDATED_BY, DELETE_TS, DELETED_BY, CITY, COORDINATES, COUNTRY_ID) VALUES ('191a5a6b-6e4a-1efc-fa16-c996e2565cb3', 1, '2020-01-08 04:24:24.693000', 'admin', '2020-01-08 04:24:24.693000', null, null, null, 'Gros Bois', '2026S 05736E', '4238d410-7f98-f784-93fa-7c4819d12819');
INSERT INTO PUBLIC.ERP_CITY (ID, VERSION, CREATE_TS, CREATED_BY, UPDATE_TS, UPDATED_BY, DELETE_TS, DELETED_BY, CITY, COORDINATES, COUNTRY_ID) VALUES ('1a547cc5-560e-5922-723d-cb549380e43d', 1, '2020-01-08 04:24:24.719000', 'admin', '2020-01-08 04:24:24.719000', null, null, null, 'Palma', '', '4238d410-7f98-f784-93fa-7c4819d12819');
INSERT INTO PUBLIC.ERP_CITY (ID, VERSION, CREATE_TS, CREATED_BY, UPDATE_TS, UPDATED_BY, DELETE_TS, DELETED_BY, CITY, COORDINATES, COUNTRY_ID) VALUES ('1aed62d2-8956-65c8-6011-1ef394136c79', 1, '2020-01-08 04:24:24.700000', 'admin', '2020-01-08 04:24:24.700000', null, null, null, 'Quatre Cocos', '', '4238d410-7f98-f784-93fa-7c4819d12819');
INSERT INTO PUBLIC.ERP_CITY (ID, VERSION, CREATE_TS, CREATED_BY, UPDATE_TS, UPDATED_BY, DELETE_TS, DELETED_BY, CITY, COORDINATES, COUNTRY_ID) VALUES ('1d77e7b6-a5c8-8bbd-dbd5-23674e132a76', 1, '2020-01-08 04:24:24.715000', 'admin', '2020-01-08 04:24:24.715000', null, null, null, 'CASTEL', '', '4238d410-7f98-f784-93fa-7c4819d12819');
INSERT INTO PUBLIC.ERP_CITY (ID, VERSION, CREATE_TS, CREATED_BY, UPDATE_TS, UPDATED_BY, DELETE_TS, DELETED_BY, CITY, COORDINATES, COUNTRY_ID) VALUES ('21642ebb-88fb-2ab0-f536-11b40843e876', 1, '2020-01-08 04:24:24.701000', 'admin', '2020-01-08 04:24:24.701000', null, null, null, 'Mare d''Albert', '', '4238d410-7f98-f784-93fa-7c4819d12819');
INSERT INTO PUBLIC.ERP_CITY (ID, VERSION, CREATE_TS, CREATED_BY, UPDATE_TS, UPDATED_BY, DELETE_TS, DELETED_BY, CITY, COORDINATES, COUNTRY_ID) VALUES ('2336bf28-e620-3ef3-e475-129d2609dd99', 1, '2020-01-08 04:24:24.717000', 'admin', '2020-01-08 04:24:24.717000', null, null, null, 'CAMP LE VIEUX', '', '4238d410-7f98-f784-93fa-7c4819d12819');
INSERT INTO PUBLIC.ERP_CITY (ID, VERSION, CREATE_TS, CREATED_BY, UPDATE_TS, UPDATED_BY, DELETE_TS, DELETED_BY, CITY, COORDINATES, COUNTRY_ID) VALUES ('237a8125-9aea-8f0d-ab80-a4d6bff1261b', 1, '2020-01-08 04:24:24.696000', 'admin', '2020-01-08 04:24:24.696000', null, null, null, 'Riche terre', '2007S 05730E', '4238d410-7f98-f784-93fa-7c4819d12819');
INSERT INTO PUBLIC.ERP_CITY (ID, VERSION, CREATE_TS, CREATED_BY, UPDATE_TS, UPDATED_BY, DELETE_TS, DELETED_BY, CITY, COORDINATES, COUNTRY_ID) VALUES ('2588c3ac-4690-5fa3-0e86-963dd7b02975', 1, '2020-01-08 04:24:24.694000', 'admin', '2020-01-08 04:24:24.694000', null, null, null, 'Pereybere', '1959S 05735E', '4238d410-7f98-f784-93fa-7c4819d12819');
INSERT INTO PUBLIC.ERP_CITY (ID, VERSION, CREATE_TS, CREATED_BY, UPDATE_TS, UPDATED_BY, DELETE_TS, DELETED_BY, CITY, COORDINATES, COUNTRY_ID) VALUES ('26fcaa97-663d-280b-eab0-29b0a870d594', 1, '2020-01-08 04:24:24.715000', 'admin', '2020-01-08 04:24:24.715000', null, null, null, 'Glen Park', '', '4238d410-7f98-f784-93fa-7c4819d12819');
INSERT INTO PUBLIC.ERP_CITY (ID, VERSION, CREATE_TS, CREATED_BY, UPDATE_TS, UPDATED_BY, DELETE_TS, DELETED_BY, CITY, COORDINATES, COUNTRY_ID) VALUES ('27dd492b-517a-79a3-d7c3-e8a0ecffc29e', 1, '2020-01-08 04:24:24.692000', 'admin', '2020-01-08 04:24:24.692000', null, null, null, 'Belle Rose', '2015S 05743E', '4238d410-7f98-f784-93fa-7c4819d12819');
INSERT INTO PUBLIC.ERP_CITY (ID, VERSION, CREATE_TS, CREATED_BY, UPDATE_TS, UPDATED_BY, DELETE_TS, DELETED_BY, CITY, COORDINATES, COUNTRY_ID) VALUES ('27fabdfe-9105-408f-a1f4-f1188110aa3f', 1, '2020-01-08 04:24:24.703000', 'admin', '2020-01-08 04:24:24.703000', null, null, null, 'Saint Hubert', '', '4238d410-7f98-f784-93fa-7c4819d12819');
INSERT INTO PUBLIC.ERP_CITY (ID, VERSION, CREATE_TS, CREATED_BY, UPDATE_TS, UPDATED_BY, DELETE_TS, DELETED_BY, CITY, COORDINATES, COUNTRY_ID) VALUES ('29bc82b8-cf58-57e6-ebeb-090015e66108', 1, '2020-01-08 04:24:24.698000', 'admin', '2020-01-08 04:24:24.698000', null, null, null, 'Verdun', '2013S 05732E', '4238d410-7f98-f784-93fa-7c4819d12819');
INSERT INTO PUBLIC.ERP_CITY (ID, VERSION, CREATE_TS, CREATED_BY, UPDATE_TS, UPDATED_BY, DELETE_TS, DELETED_BY, CITY, COORDINATES, COUNTRY_ID) VALUES ('2ae32355-2b50-e666-c780-79bcbfdc2947', 1, '2020-01-08 04:24:24.694000', 'admin', '2020-01-08 04:24:24.694000', null, null, null, 'Pailles', '2011S 05728E', '4238d410-7f98-f784-93fa-7c4819d12819');
INSERT INTO PUBLIC.ERP_CITY (ID, VERSION, CREATE_TS, CREATED_BY, UPDATE_TS, UPDATED_BY, DELETE_TS, DELETED_BY, CITY, COORDINATES, COUNTRY_ID) VALUES ('2af97c36-e27c-fb0c-dfe3-703c6721b71e', 1, '2020-01-08 04:24:24.700000', 'admin', '2020-01-08 04:24:24.700000', null, null, null, 'Trois Boutiques', '', '4238d410-7f98-f784-93fa-7c4819d12819');
INSERT INTO PUBLIC.ERP_CITY (ID, VERSION, CREATE_TS, CREATED_BY, UPDATE_TS, UPDATED_BY, DELETE_TS, DELETED_BY, CITY, COORDINATES, COUNTRY_ID) VALUES ('2c7d811f-cd0b-b003-5c5a-ce62200d21c4', 1, '2020-01-08 04:24:24.696000', 'admin', '2020-01-08 04:24:24.696000', null, null, null, 'Rose Hill', '2014S 05728E', '4238d410-7f98-f784-93fa-7c4819d12819');
INSERT INTO PUBLIC.ERP_CITY (ID, VERSION, CREATE_TS, CREATED_BY, UPDATE_TS, UPDATED_BY, DELETE_TS, DELETED_BY, CITY, COORDINATES, COUNTRY_ID) VALUES ('2dbb068d-87db-9235-c0cb-ab910cf124a7', 1, '2020-01-08 04:24:24.702000', 'admin', '2020-01-08 04:24:24.702000', null, null, null, 'The Vale', '', '4238d410-7f98-f784-93fa-7c4819d12819');
INSERT INTO PUBLIC.ERP_CITY (ID, VERSION, CREATE_TS, CREATED_BY, UPDATE_TS, UPDATED_BY, DELETE_TS, DELETED_BY, CITY, COORDINATES, COUNTRY_ID) VALUES ('2e702e5a-11f7-c601-fafa-2cd72a95e2db', 1, '2020-01-08 04:24:24.695000', 'admin', '2020-01-08 04:24:24.695000', null, null, null, 'Petite Riviere', '2011S 05726E', '4238d410-7f98-f784-93fa-7c4819d12819');
INSERT INTO PUBLIC.ERP_CITY (ID, VERSION, CREATE_TS, CREATED_BY, UPDATE_TS, UPDATED_BY, DELETE_TS, DELETED_BY, CITY, COORDINATES, COUNTRY_ID) VALUES ('3004474a-19fa-5cf1-ad62-6f95689359af', 1, '2020-01-08 04:24:24.718000', 'admin', '2020-01-08 04:24:24.718000', null, null, null, 'Vallee des Pretres', '', '4238d410-7f98-f784-93fa-7c4819d12819');
INSERT INTO PUBLIC.ERP_CITY (ID, VERSION, CREATE_TS, CREATED_BY, UPDATE_TS, UPDATED_BY, DELETE_TS, DELETED_BY, CITY, COORDINATES, COUNTRY_ID) VALUES ('31017d62-3f0b-39b9-74ea-4a118333972c', 1, '2020-01-08 04:24:24.696000', 'admin', '2020-01-08 04:24:24.696000', null, null, null, 'Quartier Militaire', '2014S 05735E', '4238d410-7f98-f784-93fa-7c4819d12819');
INSERT INTO PUBLIC.ERP_CITY (ID, VERSION, CREATE_TS, CREATED_BY, UPDATE_TS, UPDATED_BY, DELETE_TS, DELETED_BY, CITY, COORDINATES, COUNTRY_ID) VALUES ('32431a2c-c8b4-93dd-4809-4d7338002305', 1, '2020-01-08 04:24:24.706000', 'admin', '2020-01-08 04:24:24.706000', null, null, null, 'Melrose', '', '4238d410-7f98-f784-93fa-7c4819d12819');
INSERT INTO PUBLIC.ERP_CITY (ID, VERSION, CREATE_TS, CREATED_BY, UPDATE_TS, UPDATED_BY, DELETE_TS, DELETED_BY, CITY, COORDINATES, COUNTRY_ID) VALUES ('3397d869-f1c3-b355-3f07-698c7959e5d4', 1, '2020-01-08 04:24:24.706000', 'admin', '2020-01-08 04:24:24.706000', null, null, null, 'Camp Thorel', '', '4238d410-7f98-f784-93fa-7c4819d12819');
INSERT INTO PUBLIC.ERP_CITY (ID, VERSION, CREATE_TS, CREATED_BY, UPDATE_TS, UPDATED_BY, DELETE_TS, DELETED_BY, CITY, COORDINATES, COUNTRY_ID) VALUES ('34d70041-31eb-195c-35d6-316cba140ba4', 1, '2020-01-08 04:24:24.716000', 'admin', '2020-01-08 04:24:24.716000', null, null, null, 'La Caverne', '', '4238d410-7f98-f784-93fa-7c4819d12819');
INSERT INTO PUBLIC.ERP_CITY (ID, VERSION, CREATE_TS, CREATED_BY, UPDATE_TS, UPDATED_BY, DELETE_TS, DELETED_BY, CITY, COORDINATES, COUNTRY_ID) VALUES ('37a2afc2-d8bd-e6dc-239e-6391f52d5d85', 1, '2020-01-08 04:24:24.704000', 'admin', '2020-01-08 04:24:24.704000', null, null, null, 'Camp de Masque', '', '4238d410-7f98-f784-93fa-7c4819d12819');
INSERT INTO PUBLIC.ERP_CITY (ID, VERSION, CREATE_TS, CREATED_BY, UPDATE_TS, UPDATED_BY, DELETE_TS, DELETED_BY, CITY, COORDINATES, COUNTRY_ID) VALUES ('37d5fcb1-4e05-9a15-2d85-a908d234dc17', 1, '2020-01-08 04:24:24.714000', 'admin', '2020-01-08 04:24:24.714000', null, null, null, 'Baie aux Tortues', '', '4238d410-7f98-f784-93fa-7c4819d12819');
INSERT INTO PUBLIC.ERP_CITY (ID, VERSION, CREATE_TS, CREATED_BY, UPDATE_TS, UPDATED_BY, DELETE_TS, DELETED_BY, CITY, COORDINATES, COUNTRY_ID) VALUES ('391e5a60-2567-c747-12a9-2c86065a8fff', 1, '2020-01-08 04:24:24.692000', 'admin', '2020-01-08 04:24:24.692000', null, null, null, 'Beau Plan', '2005S 05734E', '4238d410-7f98-f784-93fa-7c4819d12819');
INSERT INTO PUBLIC.ERP_CITY (ID, VERSION, CREATE_TS, CREATED_BY, UPDATE_TS, UPDATED_BY, DELETE_TS, DELETED_BY, CITY, COORDINATES, COUNTRY_ID) VALUES ('3a6dc78c-269d-0391-8b55-cf12bcbca7a0', 1, '2020-01-08 04:24:24.697000', 'admin', '2020-01-08 04:24:24.697000', null, null, null, 'Sir Seewoosagur Ramgoolam Int Apt', '2026S 05741E', '4238d410-7f98-f784-93fa-7c4819d12819');
INSERT INTO PUBLIC.ERP_CITY (ID, VERSION, CREATE_TS, CREATED_BY, UPDATE_TS, UPDATED_BY, DELETE_TS, DELETED_BY, CITY, COORDINATES, COUNTRY_ID) VALUES ('3bdcc7b8-f6fd-b41e-334e-3df035a017d8', 1, '2020-01-08 04:24:24.692000', 'admin', '2020-01-08 04:24:24.692000', null, null, null, 'Bel Ombre', '2030S 05724E', '4238d410-7f98-f784-93fa-7c4819d12819');
INSERT INTO PUBLIC.ERP_CITY (ID, VERSION, CREATE_TS, CREATED_BY, UPDATE_TS, UPDATED_BY, DELETE_TS, DELETED_BY, CITY, COORDINATES, COUNTRY_ID) VALUES ('3bde62cc-efd2-d208-f8d9-30471025ab55', 1, '2020-01-08 04:24:24.701000', 'admin', '2020-01-08 04:24:24.701000', null, null, null, 'D''Épinay', '', '4238d410-7f98-f784-93fa-7c4819d12819');
INSERT INTO PUBLIC.ERP_CITY (ID, VERSION, CREATE_TS, CREATED_BY, UPDATE_TS, UPDATED_BY, DELETE_TS, DELETED_BY, CITY, COORDINATES, COUNTRY_ID) VALUES ('3d8189f5-9d22-e04b-ede4-dd0571121009', 1, '2020-01-08 04:24:24.703000', 'admin', '2020-01-08 04:24:24.703000', null, null, null, 'Providence', '', '4238d410-7f98-f784-93fa-7c4819d12819');
INSERT INTO PUBLIC.ERP_CITY (ID, VERSION, CREATE_TS, CREATED_BY, UPDATE_TS, UPDATED_BY, DELETE_TS, DELETED_BY, CITY, COORDINATES, COUNTRY_ID) VALUES ('3f3d0681-c02d-529b-9573-87ad0e6b2b6d', 1, '2020-01-08 04:24:24.706000', 'admin', '2020-01-08 04:24:24.706000', null, null, null, 'Grand Sable', '', '4238d410-7f98-f784-93fa-7c4819d12819');
INSERT INTO PUBLIC.ERP_CITY (ID, VERSION, CREATE_TS, CREATED_BY, UPDATE_TS, UPDATED_BY, DELETE_TS, DELETED_BY, CITY, COORDINATES, COUNTRY_ID) VALUES ('409d5b38-938e-f17a-81af-b251be065f12', 1, '2020-01-08 04:24:24.691000', 'admin', '2020-01-08 04:24:24.691000', null, null, null, 'Bambous', '', '4238d410-7f98-f784-93fa-7c4819d12819');
INSERT INTO PUBLIC.ERP_CITY (ID, VERSION, CREATE_TS, CREATED_BY, UPDATE_TS, UPDATED_BY, DELETE_TS, DELETED_BY, CITY, COORDINATES, COUNTRY_ID) VALUES ('42c573dc-f346-d419-ecb1-420c7f44ef80', 1, '2020-01-08 04:24:24.692000', 'admin', '2020-01-08 04:24:24.692000', null, null, null, 'Centre de Flacq', '2012S 05743E', '4238d410-7f98-f784-93fa-7c4819d12819');
INSERT INTO PUBLIC.ERP_CITY (ID, VERSION, CREATE_TS, CREATED_BY, UPDATE_TS, UPDATED_BY, DELETE_TS, DELETED_BY, CITY, COORDINATES, COUNTRY_ID) VALUES ('449bb500-faf7-b280-7e2c-3a996104b938', 1, '2020-01-08 04:24:24.692000', 'admin', '2020-01-08 04:24:24.692000', null, null, null, 'Belle Mare', '2011S 05746E', '4238d410-7f98-f784-93fa-7c4819d12819');
INSERT INTO PUBLIC.ERP_CITY (ID, VERSION, CREATE_TS, CREATED_BY, UPDATE_TS, UPDATED_BY, DELETE_TS, DELETED_BY, CITY, COORDINATES, COUNTRY_ID) VALUES ('44f24002-e938-5c2b-5899-bb51759c842b', 1, '2020-01-08 04:24:24.717000', 'admin', '2020-01-08 04:24:24.717000', null, null, null, 'St PAUL', '', '4238d410-7f98-f784-93fa-7c4819d12819');
INSERT INTO PUBLIC.ERP_CITY (ID, VERSION, CREATE_TS, CREATED_BY, UPDATE_TS, UPDATED_BY, DELETE_TS, DELETED_BY, CITY, COORDINATES, COUNTRY_ID) VALUES ('47aee52b-87e1-6555-160d-77c804623421', 1, '2020-01-08 04:24:24.697000', 'admin', '2020-01-08 04:24:24.697000', null, null, null, 'St Pierre', '2013S 05731E', '4238d410-7f98-f784-93fa-7c4819d12819');
INSERT INTO PUBLIC.ERP_CITY (ID, VERSION, CREATE_TS, CREATED_BY, UPDATE_TS, UPDATED_BY, DELETE_TS, DELETED_BY, CITY, COORDINATES, COUNTRY_ID) VALUES ('48adc659-45a6-2994-4a57-2fb97070aa71', 1, '2020-01-08 04:24:24.719000', 'admin', '2020-01-08 04:24:24.719000', null, null, null, 'TOMBEAU BAY', '', '4238d410-7f98-f784-93fa-7c4819d12819');
INSERT INTO PUBLIC.ERP_CITY (ID, VERSION, CREATE_TS, CREATED_BY, UPDATE_TS, UPDATED_BY, DELETE_TS, DELETED_BY, CITY, COORDINATES, COUNTRY_ID) VALUES ('48e6acb1-c64e-3649-f665-1b71e17a91a4', 1, '2020-01-08 04:24:24.706000', 'admin', '2020-01-08 04:24:24.706000', null, null, null, 'Amitie-Gokhoola', '', '4238d410-7f98-f784-93fa-7c4819d12819');
INSERT INTO PUBLIC.ERP_CITY (ID, VERSION, CREATE_TS, CREATED_BY, UPDATE_TS, UPDATED_BY, DELETE_TS, DELETED_BY, CITY, COORDINATES, COUNTRY_ID) VALUES ('493820f5-c677-dd32-2094-0268e42dd43a', 1, '2020-01-08 04:24:24.698000', 'admin', '2020-01-08 04:24:24.698000', null, null, null, 'Curepipe', '', '4238d410-7f98-f784-93fa-7c4819d12819');
INSERT INTO PUBLIC.ERP_CITY (ID, VERSION, CREATE_TS, CREATED_BY, UPDATE_TS, UPDATED_BY, DELETE_TS, DELETED_BY, CITY, COORDINATES, COUNTRY_ID) VALUES ('493b3e50-ad50-97b8-77d4-f91b85f56b98', 1, '2020-01-08 04:24:24.697000', 'admin', '2020-01-08 04:24:24.697000', null, null, null, 'Terre Rouge', '2007S 05731E', '4238d410-7f98-f784-93fa-7c4819d12819');
INSERT INTO PUBLIC.ERP_CITY (ID, VERSION, CREATE_TS, CREATED_BY, UPDATE_TS, UPDATED_BY, DELETE_TS, DELETED_BY, CITY, COORDINATES, COUNTRY_ID) VALUES ('4944305a-cc6b-d0ac-27d9-469d047bd321', 1, '2020-01-08 04:24:24.707000', 'admin', '2020-01-08 04:24:24.707000', null, null, null, 'Cluny', '', '4238d410-7f98-f784-93fa-7c4819d12819');
INSERT INTO PUBLIC.ERP_CITY (ID, VERSION, CREATE_TS, CREATED_BY, UPDATE_TS, UPDATED_BY, DELETE_TS, DELETED_BY, CITY, COORDINATES, COUNTRY_ID) VALUES ('4993f53a-6014-6e54-7c4e-00c18fc0614b', 1, '2020-01-08 04:24:24.716000', 'admin', '2020-01-08 04:24:24.716000', null, null, null, 'Sodnac', '', '4238d410-7f98-f784-93fa-7c4819d12819');
INSERT INTO PUBLIC.ERP_CITY (ID, VERSION, CREATE_TS, CREATED_BY, UPDATE_TS, UPDATED_BY, DELETE_TS, DELETED_BY, CITY, COORDINATES, COUNTRY_ID) VALUES ('49dd239b-a806-4c2e-0552-14a4d6965ec4', 1, '2020-01-08 04:24:24.697000', 'admin', '2020-01-08 04:24:24.697000', null, null, null, 'Triolet', '2003S 05732E', '4238d410-7f98-f784-93fa-7c4819d12819');
INSERT INTO PUBLIC.ERP_CITY (ID, VERSION, CREATE_TS, CREATED_BY, UPDATE_TS, UPDATED_BY, DELETE_TS, DELETED_BY, CITY, COORDINATES, COUNTRY_ID) VALUES ('4b806acf-637d-93f3-42a3-c4653394f4f0', 1, '2020-01-08 04:24:24.702000', 'admin', '2020-01-08 04:24:24.702000', null, null, null, 'Plaine des Roches', '', '4238d410-7f98-f784-93fa-7c4819d12819');
INSERT INTO PUBLIC.ERP_CITY (ID, VERSION, CREATE_TS, CREATED_BY, UPDATE_TS, UPDATED_BY, DELETE_TS, DELETED_BY, CITY, COORDINATES, COUNTRY_ID) VALUES ('4cbca3ed-b129-06f4-1a36-8dd18b130283', 1, '2020-01-08 04:24:24.716000', 'admin', '2020-01-08 04:24:24.716000', null, null, null, 'PLAINE LAUZUN', '', '4238d410-7f98-f784-93fa-7c4819d12819');
INSERT INTO PUBLIC.ERP_CITY (ID, VERSION, CREATE_TS, CREATED_BY, UPDATE_TS, UPDATED_BY, DELETE_TS, DELETED_BY, CITY, COORDINATES, COUNTRY_ID) VALUES ('4e396f45-d5fa-4534-1f75-5131c4fe707d', 1, '2020-01-08 04:24:24.699000', 'admin', '2020-01-08 04:24:24.699000', null, null, null, 'New Grove', '', '4238d410-7f98-f784-93fa-7c4819d12819');
INSERT INTO PUBLIC.ERP_CITY (ID, VERSION, CREATE_TS, CREATED_BY, UPDATE_TS, UPDATED_BY, DELETE_TS, DELETED_BY, CITY, COORDINATES, COUNTRY_ID) VALUES ('50ae15ce-f4d3-578f-c4ab-e3a5ce6c3a3b', 1, '2020-01-08 04:24:24.702000', 'admin', '2020-01-08 04:24:24.702000', null, null, null, 'Cottage', '', '4238d410-7f98-f784-93fa-7c4819d12819');
INSERT INTO PUBLIC.ERP_CITY (ID, VERSION, CREATE_TS, CREATED_BY, UPDATE_TS, UPDATED_BY, DELETE_TS, DELETED_BY, CITY, COORDINATES, COUNTRY_ID) VALUES ('53cc778a-6ccc-ff84-d2b0-22641f983a32', 1, '2020-01-08 04:24:24.701000', 'admin', '2020-01-08 04:24:24.701000', null, null, null, 'Union Park', '', '4238d410-7f98-f784-93fa-7c4819d12819');
INSERT INTO PUBLIC.ERP_CITY (ID, VERSION, CREATE_TS, CREATED_BY, UPDATE_TS, UPDATED_BY, DELETE_TS, DELETED_BY, CITY, COORDINATES, COUNTRY_ID) VALUES ('54816fd4-a9a7-6f04-81f7-c15c745823b3', 1, '2020-01-08 04:24:24.704000', 'admin', '2020-01-08 04:24:24.704000', null, null, null, 'L''Avenir', '', '4238d410-7f98-f784-93fa-7c4819d12819');
INSERT INTO PUBLIC.ERP_CITY (ID, VERSION, CREATE_TS, CREATED_BY, UPDATE_TS, UPDATED_BY, DELETE_TS, DELETED_BY, CITY, COORDINATES, COUNTRY_ID) VALUES ('5504db4e-7cb2-2495-c228-2dce02a19bb1', 1, '2020-01-08 04:24:24.691000', 'admin', '2020-01-08 04:24:24.691000', null, null, null, 'Albion', '2012S 05724E', '4238d410-7f98-f784-93fa-7c4819d12819');
INSERT INTO PUBLIC.ERP_CITY (ID, VERSION, CREATE_TS, CREATED_BY, UPDATE_TS, UPDATED_BY, DELETE_TS, DELETED_BY, CITY, COORDINATES, COUNTRY_ID) VALUES ('56217b11-38c7-42c8-7815-5e9d48ed935a', 1, '2020-01-08 04:24:24.715000', 'admin', '2020-01-08 04:24:24.715000', null, null, null, 'BLUE BAY', '', '4238d410-7f98-f784-93fa-7c4819d12819');
INSERT INTO PUBLIC.ERP_CITY (ID, VERSION, CREATE_TS, CREATED_BY, UPDATE_TS, UPDATED_BY, DELETE_TS, DELETED_BY, CITY, COORDINATES, COUNTRY_ID) VALUES ('56258e9b-f612-2dee-c01c-73803437e1be', 1, '2020-01-08 04:24:24.718000', 'admin', '2020-01-08 04:24:24.718000', null, null, null, 'LA MARIE', '', '4238d410-7f98-f784-93fa-7c4819d12819');
INSERT INTO PUBLIC.ERP_CITY (ID, VERSION, CREATE_TS, CREATED_BY, UPDATE_TS, UPDATED_BY, DELETE_TS, DELETED_BY, CITY, COORDINATES, COUNTRY_ID) VALUES ('5927b430-85e1-8e04-7dd1-68736883b122', 1, '2020-01-08 04:24:24.716000', 'admin', '2020-01-08 04:24:24.716000', null, null, null, 'Henrietta', '', '4238d410-7f98-f784-93fa-7c4819d12819');
INSERT INTO PUBLIC.ERP_CITY (ID, VERSION, CREATE_TS, CREATED_BY, UPDATE_TS, UPDATED_BY, DELETE_TS, DELETED_BY, CITY, COORDINATES, COUNTRY_ID) VALUES ('593ccf57-6ce9-05a1-2287-1a03bdc6e48a', 1, '2020-01-08 04:24:24.705000', 'admin', '2020-01-08 04:24:24.705000', null, null, null, 'Cascavelle', '', '4238d410-7f98-f784-93fa-7c4819d12819');
INSERT INTO PUBLIC.ERP_CITY (ID, VERSION, CREATE_TS, CREATED_BY, UPDATE_TS, UPDATED_BY, DELETE_TS, DELETED_BY, CITY, COORDINATES, COUNTRY_ID) VALUES ('5ac9c541-edf4-53b9-8f62-d783d71b6e9a', 1, '2020-01-08 04:24:24.717000', 'admin', '2020-01-08 04:24:24.717000', null, null, null, '16eme Mille', '', '4238d410-7f98-f784-93fa-7c4819d12819');
INSERT INTO PUBLIC.ERP_CITY (ID, VERSION, CREATE_TS, CREATED_BY, UPDATE_TS, UPDATED_BY, DELETE_TS, DELETED_BY, CITY, COORDINATES, COUNTRY_ID) VALUES ('5b026fd0-d83e-ea88-6522-60d4065f3b88', 1, '2020-01-08 04:24:24.716000', 'admin', '2020-01-08 04:24:24.716000', null, null, null, 'Bord Cascarde', '', '4238d410-7f98-f784-93fa-7c4819d12819');
INSERT INTO PUBLIC.ERP_CITY (ID, VERSION, CREATE_TS, CREATED_BY, UPDATE_TS, UPDATED_BY, DELETE_TS, DELETED_BY, CITY, COORDINATES, COUNTRY_ID) VALUES ('5e2f7cb0-a0bd-1c7b-98f0-1f847361a550', 1, '2020-01-08 04:24:24.692000', 'admin', '2020-01-08 04:24:24.692000', null, null, null, 'Beau Vallon', '2021S 05741E', '4238d410-7f98-f784-93fa-7c4819d12819');
INSERT INTO PUBLIC.ERP_CITY (ID, VERSION, CREATE_TS, CREATED_BY, UPDATE_TS, UPDATED_BY, DELETE_TS, DELETED_BY, CITY, COORDINATES, COUNTRY_ID) VALUES ('600fbacd-7499-e5f7-4137-16735ebf0f9c', 1, '2020-01-08 04:24:24.704000', 'admin', '2020-01-08 04:24:24.704000', null, null, null, 'Mare Tabac', '', '4238d410-7f98-f784-93fa-7c4819d12819');
INSERT INTO PUBLIC.ERP_CITY (ID, VERSION, CREATE_TS, CREATED_BY, UPDATE_TS, UPDATED_BY, DELETE_TS, DELETED_BY, CITY, COORDINATES, COUNTRY_ID) VALUES ('60cfea1a-18e6-9fc9-abdc-18939826b5d0', 1, '2020-01-08 04:24:24.707000', 'admin', '2020-01-08 04:24:24.707000', null, null, null, 'Bois des Amourettes', '', '4238d410-7f98-f784-93fa-7c4819d12819');
INSERT INTO PUBLIC.ERP_CITY (ID, VERSION, CREATE_TS, CREATED_BY, UPDATE_TS, UPDATED_BY, DELETE_TS, DELETED_BY, CITY, COORDINATES, COUNTRY_ID) VALUES ('61fca9da-fb75-2e42-11d4-f42b4f58fa7d', 1, '2020-01-08 04:24:24.704000', 'admin', '2020-01-08 04:24:24.704000', null, null, null, 'Saint Julien Village', '', '4238d410-7f98-f784-93fa-7c4819d12819');
INSERT INTO PUBLIC.ERP_CITY (ID, VERSION, CREATE_TS, CREATED_BY, UPDATE_TS, UPDATED_BY, DELETE_TS, DELETED_BY, CITY, COORDINATES, COUNTRY_ID) VALUES ('62ec2888-ce1f-43b2-2f8d-7beb44043974', 1, '2020-01-08 04:24:24.705000', 'admin', '2020-01-08 04:24:24.705000', null, null, null, 'La Gaulette', '', '4238d410-7f98-f784-93fa-7c4819d12819');
INSERT INTO PUBLIC.ERP_CITY (ID, VERSION, CREATE_TS, CREATED_BY, UPDATE_TS, UPDATED_BY, DELETE_TS, DELETED_BY, CITY, COORDINATES, COUNTRY_ID) VALUES ('63babce9-e830-c243-7839-07f6a7ae65b5', 1, '2020-01-08 04:24:24.694000', 'admin', '2020-01-08 04:24:24.694000', null, null, null, 'Pamplemousses', '2006S 05734E', '4238d410-7f98-f784-93fa-7c4819d12819');
INSERT INTO PUBLIC.ERP_CITY (ID, VERSION, CREATE_TS, CREATED_BY, UPDATE_TS, UPDATED_BY, DELETE_TS, DELETED_BY, CITY, COORDINATES, COUNTRY_ID) VALUES ('63df0df3-c18f-52bf-5f3a-fe8fb3146a7c', 1, '2020-01-08 04:24:24.696000', 'admin', '2020-01-08 04:24:24.696000', null, null, null, 'Rodrigues', '1942S 06325E', '4238d410-7f98-f784-93fa-7c4819d12819');
INSERT INTO PUBLIC.ERP_CITY (ID, VERSION, CREATE_TS, CREATED_BY, UPDATE_TS, UPDATED_BY, DELETE_TS, DELETED_BY, CITY, COORDINATES, COUNTRY_ID) VALUES ('65960026-9bfb-9ef0-ca47-86518e1cefe6', 1, '2020-01-08 04:24:24.708000', 'admin', '2020-01-08 04:24:24.708000', null, null, null, 'Bananes', '', '4238d410-7f98-f784-93fa-7c4819d12819');
INSERT INTO PUBLIC.ERP_CITY (ID, VERSION, CREATE_TS, CREATED_BY, UPDATE_TS, UPDATED_BY, DELETE_TS, DELETED_BY, CITY, COORDINATES, COUNTRY_ID) VALUES ('66dac0b2-0d95-f986-0f5c-ac03d1da529f', 1, '2020-01-08 04:24:24.715000', 'admin', '2020-01-08 04:24:24.715000', null, null, null, 'Bell Village', '', '4238d410-7f98-f784-93fa-7c4819d12819');
INSERT INTO PUBLIC.ERP_CITY (ID, VERSION, CREATE_TS, CREATED_BY, UPDATE_TS, UPDATED_BY, DELETE_TS, DELETED_BY, CITY, COORDINATES, COUNTRY_ID) VALUES ('68ec5891-a2af-0915-e9ef-46a763b86207', 1, '2020-01-08 04:24:24.699000', 'admin', '2020-01-08 04:24:24.699000', null, null, null, 'Pointe aux Piments', '', '4238d410-7f98-f784-93fa-7c4819d12819');
INSERT INTO PUBLIC.ERP_CITY (ID, VERSION, CREATE_TS, CREATED_BY, UPDATE_TS, UPDATED_BY, DELETE_TS, DELETED_BY, CITY, COORDINATES, COUNTRY_ID) VALUES ('6c9b920f-a322-5013-65b1-56626c95fb19', 1, '2020-01-08 04:24:24.705000', 'admin', '2020-01-08 04:24:24.705000', null, null, null, 'Poudre d''Or Hamlet', '', '4238d410-7f98-f784-93fa-7c4819d12819');
INSERT INTO PUBLIC.ERP_CITY (ID, VERSION, CREATE_TS, CREATED_BY, UPDATE_TS, UPDATED_BY, DELETE_TS, DELETED_BY, CITY, COORDINATES, COUNTRY_ID) VALUES ('6de73d05-03ef-43e8-faa4-00d8c54f59d1', 1, '2020-01-08 04:24:24.701000', 'admin', '2020-01-08 04:24:24.701000', null, null, null, 'Sebastopol', '', '4238d410-7f98-f784-93fa-7c4819d12819');
INSERT INTO PUBLIC.ERP_CITY (ID, VERSION, CREATE_TS, CREATED_BY, UPDATE_TS, UPDATED_BY, DELETE_TS, DELETED_BY, CITY, COORDINATES, COUNTRY_ID) VALUES ('6edba0d3-e774-fe0b-5960-7288ec10afd0', 1, '2020-01-08 04:24:24.702000', 'admin', '2020-01-08 04:24:24.702000', null, null, null, 'Saint Julien d''Hotman', '', '4238d410-7f98-f784-93fa-7c4819d12819');
INSERT INTO PUBLIC.ERP_CITY (ID, VERSION, CREATE_TS, CREATED_BY, UPDATE_TS, UPDATED_BY, DELETE_TS, DELETED_BY, CITY, COORDINATES, COUNTRY_ID) VALUES ('737f975d-95e3-379c-2ee4-87f84b1d0e26', 1, '2020-01-08 04:24:24.697000', 'admin', '2020-01-08 04:24:24.697000', null, null, null, 'Souillac', '2031S 05731E', '4238d410-7f98-f784-93fa-7c4819d12819');
INSERT INTO PUBLIC.ERP_CITY (ID, VERSION, CREATE_TS, CREATED_BY, UPDATE_TS, UPDATED_BY, DELETE_TS, DELETED_BY, CITY, COORDINATES, COUNTRY_ID) VALUES ('745a410a-e42a-70d6-78fd-24a980d67082', 1, '2020-01-08 04:24:24.717000', 'admin', '2020-01-08 04:24:24.717000', null, null, null, 'Sainte Croix', '', '4238d410-7f98-f784-93fa-7c4819d12819');
INSERT INTO PUBLIC.ERP_CITY (ID, VERSION, CREATE_TS, CREATED_BY, UPDATE_TS, UPDATED_BY, DELETE_TS, DELETED_BY, CITY, COORDINATES, COUNTRY_ID) VALUES ('74878008-8f7f-1f83-e130-48bed763777d', 1, '2020-01-08 04:24:24.708000', 'admin', '2020-01-08 04:24:24.708000', null, null, null, 'Grande Retraite', '', '4238d410-7f98-f784-93fa-7c4819d12819');
INSERT INTO PUBLIC.ERP_CITY (ID, VERSION, CREATE_TS, CREATED_BY, UPDATE_TS, UPDATED_BY, DELETE_TS, DELETED_BY, CITY, COORDINATES, COUNTRY_ID) VALUES ('755ccac6-0d28-aa21-cd57-80eceb1fbbd2', 1, '2020-01-08 04:24:24.708000', 'admin', '2020-01-08 04:24:24.708000', null, null, null, 'Floreal', '', '4238d410-7f98-f784-93fa-7c4819d12819');
INSERT INTO PUBLIC.ERP_CITY (ID, VERSION, CREATE_TS, CREATED_BY, UPDATE_TS, UPDATED_BY, DELETE_TS, DELETED_BY, CITY, COORDINATES, COUNTRY_ID) VALUES ('75721dd3-240d-fa26-0818-b2c1957a1da5', 1, '2020-01-08 04:24:24.701000', 'admin', '2020-01-08 04:24:24.701000', null, null, null, 'Chamouny', '', '4238d410-7f98-f784-93fa-7c4819d12819');
INSERT INTO PUBLIC.ERP_CITY (ID, VERSION, CREATE_TS, CREATED_BY, UPDATE_TS, UPDATED_BY, DELETE_TS, DELETED_BY, CITY, COORDINATES, COUNTRY_ID) VALUES ('75debe15-7a83-4cd1-04fa-e63bafe0168c', 1, '2020-01-08 04:24:24.694000', 'admin', '2020-01-08 04:24:24.694000', null, null, null, 'Mahebourg', '2024S 05741E', '4238d410-7f98-f784-93fa-7c4819d12819');
INSERT INTO PUBLIC.ERP_CITY (ID, VERSION, CREATE_TS, CREATED_BY, UPDATE_TS, UPDATED_BY, DELETE_TS, DELETED_BY, CITY, COORDINATES, COUNTRY_ID) VALUES ('76bc0921-6130-ebdc-3069-66566082e93a', 1, '2020-01-08 04:24:24.702000', 'admin', '2020-01-08 04:24:24.702000', null, null, null, 'Poudre d''Or', '', '4238d410-7f98-f784-93fa-7c4819d12819');
INSERT INTO PUBLIC.ERP_CITY (ID, VERSION, CREATE_TS, CREATED_BY, UPDATE_TS, UPDATED_BY, DELETE_TS, DELETED_BY, CITY, COORDINATES, COUNTRY_ID) VALUES ('78dd2611-b10c-c9e9-61d7-8a35cb28bc5b', 1, '2020-01-08 04:24:24.692000', 'admin', '2020-01-08 04:24:24.692000', null, null, null, 'Bel Air', '2015S 05744E', '4238d410-7f98-f784-93fa-7c4819d12819');
INSERT INTO PUBLIC.ERP_CITY (ID, VERSION, CREATE_TS, CREATED_BY, UPDATE_TS, UPDATED_BY, DELETE_TS, DELETED_BY, CITY, COORDINATES, COUNTRY_ID) VALUES ('79e399f5-8785-4388-1b2f-7989cb71f51b', 1, '2020-01-08 04:24:24.696000', 'admin', '2020-01-08 04:24:24.696000', null, null, null, 'Saint Aubin', '2029S 05733E', '4238d410-7f98-f784-93fa-7c4819d12819');
INSERT INTO PUBLIC.ERP_CITY (ID, VERSION, CREATE_TS, CREATED_BY, UPDATE_TS, UPDATED_BY, DELETE_TS, DELETED_BY, CITY, COORDINATES, COUNTRY_ID) VALUES ('7e1e455d-9750-75ea-ac22-c5d33b8cf057', 1, '2020-01-08 04:24:24.706000', 'admin', '2020-01-08 04:24:24.706000', null, null, null, 'Benares', '', '4238d410-7f98-f784-93fa-7c4819d12819');
INSERT INTO PUBLIC.ERP_CITY (ID, VERSION, CREATE_TS, CREATED_BY, UPDATE_TS, UPDATED_BY, DELETE_TS, DELETED_BY, CITY, COORDINATES, COUNTRY_ID) VALUES ('7e652772-2e2e-bcab-1b37-20d67271beee', 1, '2020-01-08 04:24:24.714000', 'admin', '2020-01-08 04:24:24.714000', null, null, null, 'Mer Rouge', '', '4238d410-7f98-f784-93fa-7c4819d12819');
INSERT INTO PUBLIC.ERP_CITY (ID, VERSION, CREATE_TS, CREATED_BY, UPDATE_TS, UPDATED_BY, DELETE_TS, DELETED_BY, CITY, COORDINATES, COUNTRY_ID) VALUES ('7f043aca-2b7b-2a62-b418-bdfd1cd87e00', 1, '2020-01-08 04:24:24.699000', 'admin', '2020-01-08 04:24:24.699000', null, null, null, 'Plaine des Papayes', '', '4238d410-7f98-f784-93fa-7c4819d12819');
INSERT INTO PUBLIC.ERP_CITY (ID, VERSION, CREATE_TS, CREATED_BY, UPDATE_TS, UPDATED_BY, DELETE_TS, DELETED_BY, CITY, COORDINATES, COUNTRY_ID) VALUES ('7f9e43bd-58a6-9a21-6801-0bd6dcc300c7', 1, '2020-01-08 04:24:24.715000', 'admin', '2020-01-08 04:24:24.715000', null, null, null, 'Anse La Raie', '', '4238d410-7f98-f784-93fa-7c4819d12819');
INSERT INTO PUBLIC.ERP_CITY (ID, VERSION, CREATE_TS, CREATED_BY, UPDATE_TS, UPDATED_BY, DELETE_TS, DELETED_BY, CITY, COORDINATES, COUNTRY_ID) VALUES ('81a4e858-0a3c-60c2-58fd-124d3883752e', 1, '2020-01-08 04:24:24.691000', 'admin', '2020-01-08 04:24:24.691000', null, null, null, 'Arsenal', '2006S 05732E', '4238d410-7f98-f784-93fa-7c4819d12819');
INSERT INTO PUBLIC.ERP_CITY (ID, VERSION, CREATE_TS, CREATED_BY, UPDATE_TS, UPDATED_BY, DELETE_TS, DELETED_BY, CITY, COORDINATES, COUNTRY_ID) VALUES ('8217b24c-dd38-c6af-edc6-184f3dd5dc62', 1, '2020-01-08 04:24:24.716000', 'admin', '2020-01-08 04:24:24.716000', null, null, null, 'La Tour Koenig', '', '4238d410-7f98-f784-93fa-7c4819d12819');
INSERT INTO PUBLIC.ERP_CITY (ID, VERSION, CREATE_TS, CREATED_BY, UPDATE_TS, UPDATED_BY, DELETE_TS, DELETED_BY, CITY, COORDINATES, COUNTRY_ID) VALUES ('8459d6e0-0cba-f075-be9a-7095d81081fa', 1, '2020-01-08 04:24:24.694000', 'admin', '2020-01-08 04:24:24.694000', null, null, null, 'Palmar', '2013S 05746E', '4238d410-7f98-f784-93fa-7c4819d12819');
INSERT INTO PUBLIC.ERP_CITY (ID, VERSION, CREATE_TS, CREATED_BY, UPDATE_TS, UPDATED_BY, DELETE_TS, DELETED_BY, CITY, COORDINATES, COUNTRY_ID) VALUES ('85e43055-81dd-e306-704f-bd187e7f8bea', 1, '2020-01-08 04:24:24.693000', 'admin', '2020-01-08 04:24:24.693000', null, null, null, 'Coromandel', '2010S 05727E', '4238d410-7f98-f784-93fa-7c4819d12819');
INSERT INTO PUBLIC.ERP_CITY (ID, VERSION, CREATE_TS, CREATED_BY, UPDATE_TS, UPDATED_BY, DELETE_TS, DELETED_BY, CITY, COORDINATES, COUNTRY_ID) VALUES ('8653649a-3336-3a60-1081-a5df2657b5d6', 1, '2020-01-08 04:24:24.699000', 'admin', '2020-01-08 04:24:24.699000', null, null, null, 'Montagne Blanche', '', '4238d410-7f98-f784-93fa-7c4819d12819');
INSERT INTO PUBLIC.ERP_CITY (ID, VERSION, CREATE_TS, CREATED_BY, UPDATE_TS, UPDATED_BY, DELETE_TS, DELETED_BY, CITY, COORDINATES, COUNTRY_ID) VALUES ('8711d9e6-fb47-c930-e242-3d611337382a', 1, '2020-01-08 04:24:24.701000', 'admin', '2020-01-08 04:24:24.701000', null, null, null, 'Camp de Masque Pavé', '', '4238d410-7f98-f784-93fa-7c4819d12819');
INSERT INTO PUBLIC.ERP_CITY (ID, VERSION, CREATE_TS, CREATED_BY, UPDATE_TS, UPDATED_BY, DELETE_TS, DELETED_BY, CITY, COORDINATES, COUNTRY_ID) VALUES ('890d13d1-e9bf-3d78-61c7-60e830542ecd', 1, '2020-01-08 04:24:24.695000', 'admin', '2020-01-08 04:24:24.695000', null, null, null, 'Piton', '2005S 05737E', '4238d410-7f98-f784-93fa-7c4819d12819');
INSERT INTO PUBLIC.ERP_CITY (ID, VERSION, CREATE_TS, CREATED_BY, UPDATE_TS, UPDATED_BY, DELETE_TS, DELETED_BY, CITY, COORDINATES, COUNTRY_ID) VALUES ('8920b820-851f-1890-5bff-e7ef43159678', 1, '2020-01-08 04:24:24.706000', 'admin', '2020-01-08 04:24:24.706000', null, null, null, 'Congomah', '', '4238d410-7f98-f784-93fa-7c4819d12819');
INSERT INTO PUBLIC.ERP_CITY (ID, VERSION, CREATE_TS, CREATED_BY, UPDATE_TS, UPDATED_BY, DELETE_TS, DELETED_BY, CITY, COORDINATES, COUNTRY_ID) VALUES ('8bbdf6ae-e428-c914-433e-51b47d3a1ef9', 1, '2020-01-08 04:24:24.693000', 'admin', '2020-01-08 04:24:24.693000', null, null, null, 'Fond du Sac', '2002S 05734E', '4238d410-7f98-f784-93fa-7c4819d12819');
INSERT INTO PUBLIC.ERP_CITY (ID, VERSION, CREATE_TS, CREATED_BY, UPDATE_TS, UPDATED_BY, DELETE_TS, DELETED_BY, CITY, COORDINATES, COUNTRY_ID) VALUES ('8be7437e-ddc0-92f0-be59-e6dcf200bad7', 1, '2020-01-08 04:24:24.708000', 'admin', '2020-01-08 04:24:24.708000', null, null, null, 'Ripailles', '', '4238d410-7f98-f784-93fa-7c4819d12819');
INSERT INTO PUBLIC.ERP_CITY (ID, VERSION, CREATE_TS, CREATED_BY, UPDATE_TS, UPDATED_BY, DELETE_TS, DELETED_BY, CITY, COORDINATES, COUNTRY_ID) VALUES ('8f368cd2-f842-c903-192c-b8490943f164', 1, '2020-01-08 04:24:24.698000', 'admin', '2020-01-08 04:24:24.698000', null, null, null, 'Baie du Tombeau', '2006S 05730E', '4238d410-7f98-f784-93fa-7c4819d12819');
INSERT INTO PUBLIC.ERP_CITY (ID, VERSION, CREATE_TS, CREATED_BY, UPDATE_TS, UPDATED_BY, DELETE_TS, DELETED_BY, CITY, COORDINATES, COUNTRY_ID) VALUES ('8f37f8cc-5a3b-9cfa-af25-a3ba5e31a371', 1, '2020-01-08 04:24:24.717000', 'admin', '2020-01-08 04:24:24.717000', null, null, null, 'Bonne Terre', '', '4238d410-7f98-f784-93fa-7c4819d12819');
INSERT INTO PUBLIC.ERP_CITY (ID, VERSION, CREATE_TS, CREATED_BY, UPDATE_TS, UPDATED_BY, DELETE_TS, DELETED_BY, CITY, COORDINATES, COUNTRY_ID) VALUES ('913d3b1c-78f1-ce11-8cca-ea6f2021649a', 1, '2020-01-08 04:24:24.717000', 'admin', '2020-01-08 04:24:24.717000', null, null, null, 'Roche Bois', '', '4238d410-7f98-f784-93fa-7c4819d12819');
INSERT INTO PUBLIC.ERP_CITY (ID, VERSION, CREATE_TS, CREATED_BY, UPDATE_TS, UPDATED_BY, DELETE_TS, DELETED_BY, CITY, COORDINATES, COUNTRY_ID) VALUES ('93986c45-482d-82db-6961-18e80b6676a5', 1, '2020-01-08 04:24:24.718000', 'admin', '2020-01-08 04:24:24.718000', null, null, null, 'Kalodyne', '', '4238d410-7f98-f784-93fa-7c4819d12819');
INSERT INTO PUBLIC.ERP_CITY (ID, VERSION, CREATE_TS, CREATED_BY, UPDATE_TS, UPDATED_BY, DELETE_TS, DELETED_BY, CITY, COORDINATES, COUNTRY_ID) VALUES ('95e4e6ef-2132-152c-e9ae-1b986b8dc1a4', 1, '2020-01-08 04:24:24.707000', 'admin', '2020-01-08 04:24:24.707000', null, null, null, 'Ébène', '', '4238d410-7f98-f784-93fa-7c4819d12819');
INSERT INTO PUBLIC.ERP_CITY (ID, VERSION, CREATE_TS, CREATED_BY, UPDATE_TS, UPDATED_BY, DELETE_TS, DELETED_BY, CITY, COORDINATES, COUNTRY_ID) VALUES ('9940d5d5-b97e-d7a2-2f3c-9682a427d3fb', 1, '2020-01-08 04:24:24.703000', 'admin', '2020-01-08 04:24:24.703000', null, null, null, 'Roche Terre', '', '4238d410-7f98-f784-93fa-7c4819d12819');
INSERT INTO PUBLIC.ERP_CITY (ID, VERSION, CREATE_TS, CREATED_BY, UPDATE_TS, UPDATED_BY, DELETE_TS, DELETED_BY, CITY, COORDINATES, COUNTRY_ID) VALUES ('9974343c-86ee-8775-1f6a-5798dd62a95f', 1, '2020-01-08 04:24:24.692000', 'admin', '2020-01-08 04:24:24.692000', null, null, null, 'Cassis', '2009S 05728E', '4238d410-7f98-f784-93fa-7c4819d12819');
INSERT INTO PUBLIC.ERP_CITY (ID, VERSION, CREATE_TS, CREATED_BY, UPDATE_TS, UPDATED_BY, DELETE_TS, DELETED_BY, CITY, COORDINATES, COUNTRY_ID) VALUES ('9caa24ef-a551-227f-f60e-a053f369452c', 1, '2020-01-08 04:24:24.706000', 'admin', '2020-01-08 04:24:24.706000', null, null, null, 'Espérance Trébuchet', '', '4238d410-7f98-f784-93fa-7c4819d12819');
INSERT INTO PUBLIC.ERP_CITY (ID, VERSION, CREATE_TS, CREATED_BY, UPDATE_TS, UPDATED_BY, DELETE_TS, DELETED_BY, CITY, COORDINATES, COUNTRY_ID) VALUES ('9d6156ad-cded-bf4c-86a2-4944b7184fe4', 1, '2020-01-08 04:24:24.695000', 'admin', '2020-01-08 04:24:24.695000', null, null, null, 'Pointe aux Canonniers', '2000S 05733E', '4238d410-7f98-f784-93fa-7c4819d12819');
INSERT INTO PUBLIC.ERP_CITY (ID, VERSION, CREATE_TS, CREATED_BY, UPDATE_TS, UPDATED_BY, DELETE_TS, DELETED_BY, CITY, COORDINATES, COUNTRY_ID) VALUES ('9ee478ad-312c-790a-2cb0-de05d3de7bb8', 1, '2020-01-08 04:24:24.719000', 'admin', '2020-01-08 04:24:24.719000', null, null, null, 'Belle Etoile', '', '4238d410-7f98-f784-93fa-7c4819d12819');
INSERT INTO PUBLIC.ERP_CITY (ID, VERSION, CREATE_TS, CREATED_BY, UPDATE_TS, UPDATED_BY, DELETE_TS, DELETED_BY, CITY, COORDINATES, COUNTRY_ID) VALUES ('9f4fc66b-a2ba-339f-1f8b-794a47aeb55d', 1, '2020-01-08 04:24:24.706000', 'admin', '2020-01-08 04:24:24.706000', null, null, null, 'Esperance', '', '4238d410-7f98-f784-93fa-7c4819d12819');
INSERT INTO PUBLIC.ERP_CITY (ID, VERSION, CREATE_TS, CREATED_BY, UPDATE_TS, UPDATED_BY, DELETE_TS, DELETED_BY, CITY, COORDINATES, COUNTRY_ID) VALUES ('a26f2c54-625c-cdb2-606a-11cf604777a3', 1, '2020-01-08 04:24:24.707000', 'admin', '2020-01-08 04:24:24.707000', null, null, null, 'Grand Bel Air', '', '4238d410-7f98-f784-93fa-7c4819d12819');
INSERT INTO PUBLIC.ERP_CITY (ID, VERSION, CREATE_TS, CREATED_BY, UPDATE_TS, UPDATED_BY, DELETE_TS, DELETED_BY, CITY, COORDINATES, COUNTRY_ID) VALUES ('a274e9cc-a8a3-9a1c-8145-3e045e7f1703', 1, '2020-01-08 04:24:24.705000', 'admin', '2020-01-08 04:24:24.705000', null, null, null, 'Ville Bague', '', '4238d410-7f98-f784-93fa-7c4819d12819');
INSERT INTO PUBLIC.ERP_CITY (ID, VERSION, CREATE_TS, CREATED_BY, UPDATE_TS, UPDATED_BY, DELETE_TS, DELETED_BY, CITY, COORDINATES, COUNTRY_ID) VALUES ('a2f013c4-061e-ebea-13d1-ef8edbed2a31', 1, '2020-01-08 04:24:24.701000', 'admin', '2020-01-08 04:24:24.701000', null, null, null, 'Belle Vue Maurel', '', '4238d410-7f98-f784-93fa-7c4819d12819');
INSERT INTO PUBLIC.ERP_CITY (ID, VERSION, CREATE_TS, CREATED_BY, UPDATE_TS, UPDATED_BY, DELETE_TS, DELETED_BY, CITY, COORDINATES, COUNTRY_ID) VALUES ('a36a293b-ec44-a4e7-ae6a-48b3edd2df8e', 1, '2020-01-08 04:24:24.703000', 'admin', '2020-01-08 04:24:24.703000', null, null, null, 'Amaury', '', '4238d410-7f98-f784-93fa-7c4819d12819');
INSERT INTO PUBLIC.ERP_CITY (ID, VERSION, CREATE_TS, CREATED_BY, UPDATE_TS, UPDATED_BY, DELETE_TS, DELETED_BY, CITY, COORDINATES, COUNTRY_ID) VALUES ('a6b5a1f5-ed0b-5062-dc27-3d60aa1e0c3f', 1, '2020-01-08 04:24:24.700000', 'admin', '2020-01-08 04:24:24.700000', null, null, null, 'Laventure', '', '4238d410-7f98-f784-93fa-7c4819d12819');
INSERT INTO PUBLIC.ERP_CITY (ID, VERSION, CREATE_TS, CREATED_BY, UPDATE_TS, UPDATED_BY, DELETE_TS, DELETED_BY, CITY, COORDINATES, COUNTRY_ID) VALUES ('a99bc3f3-6e9d-9218-902a-5a5d7f6cf7f3', 1, '2020-01-08 04:24:24.700000', 'admin', '2020-01-08 04:24:24.700000', null, null, null, 'Dagotiere', '', '4238d410-7f98-f784-93fa-7c4819d12819');
INSERT INTO PUBLIC.ERP_CITY (ID, VERSION, CREATE_TS, CREATED_BY, UPDATE_TS, UPDATED_BY, DELETE_TS, DELETED_BY, CITY, COORDINATES, COUNTRY_ID) VALUES ('a99cde80-0f0a-6110-876f-d808064311d2', 1, '2020-01-08 04:24:24.716000', 'admin', '2020-01-08 04:24:24.716000', null, null, null, 'Pointe aux Feuilles', '', '4238d410-7f98-f784-93fa-7c4819d12819');
INSERT INTO PUBLIC.ERP_CITY (ID, VERSION, CREATE_TS, CREATED_BY, UPDATE_TS, UPDATED_BY, DELETE_TS, DELETED_BY, CITY, COORDINATES, COUNTRY_ID) VALUES ('aa355d23-7a59-b6ae-aba4-4e86dd6439e8', 1, '2020-01-08 04:24:24.693000', 'admin', '2020-01-08 04:24:24.693000', null, null, null, 'Forest Side', '2019S 05731E', '4238d410-7f98-f784-93fa-7c4819d12819');
INSERT INTO PUBLIC.ERP_CITY (ID, VERSION, CREATE_TS, CREATED_BY, UPDATE_TS, UPDATED_BY, DELETE_TS, DELETED_BY, CITY, COORDINATES, COUNTRY_ID) VALUES ('ab1ea900-9159-7647-3211-3a8fd222735c', 1, '2020-01-08 04:24:24.718000', 'admin', '2020-01-08 04:24:24.718000', null, null, null, 'BELLE TERRE', '', '4238d410-7f98-f784-93fa-7c4819d12819');
INSERT INTO PUBLIC.ERP_CITY (ID, VERSION, CREATE_TS, CREATED_BY, UPDATE_TS, UPDATED_BY, DELETE_TS, DELETED_BY, CITY, COORDINATES, COUNTRY_ID) VALUES ('ac0c8402-faf1-232a-11c5-d2d0874c9bca', 1, '2020-01-08 04:24:24.705000', 'admin', '2020-01-08 04:24:24.705000', null, null, null, 'Grande Rivière Noire', '', '4238d410-7f98-f784-93fa-7c4819d12819');
INSERT INTO PUBLIC.ERP_CITY (ID, VERSION, CREATE_TS, CREATED_BY, UPDATE_TS, UPDATED_BY, DELETE_TS, DELETED_BY, CITY, COORDINATES, COUNTRY_ID) VALUES ('af99ef55-30e2-1190-c59d-6990377ff449', 1, '2020-01-08 04:24:24.699000', 'admin', '2020-01-08 04:24:24.699000', null, null, null, 'Petit Raffray', '', '4238d410-7f98-f784-93fa-7c4819d12819');
INSERT INTO PUBLIC.ERP_CITY (ID, VERSION, CREATE_TS, CREATED_BY, UPDATE_TS, UPDATED_BY, DELETE_TS, DELETED_BY, CITY, COORDINATES, COUNTRY_ID) VALUES ('b085b448-72b8-f952-f28a-b3e113505340', 1, '2020-01-08 04:24:24.698000', 'admin', '2020-01-08 04:24:24.698000', null, null, null, 'Vacoas-Phoenix', '', '4238d410-7f98-f784-93fa-7c4819d12819');
INSERT INTO PUBLIC.ERP_CITY (ID, VERSION, CREATE_TS, CREATED_BY, UPDATE_TS, UPDATED_BY, DELETE_TS, DELETED_BY, CITY, COORDINATES, COUNTRY_ID) VALUES ('b0995a00-d81e-a980-c707-94535d894aca', 1, '2020-01-08 04:24:24.719000', 'admin', '2020-01-08 04:24:24.719000', null, null, null, 'Mon Choisy', '', '4238d410-7f98-f784-93fa-7c4819d12819');
INSERT INTO PUBLIC.ERP_CITY (ID, VERSION, CREATE_TS, CREATED_BY, UPDATE_TS, UPDATED_BY, DELETE_TS, DELETED_BY, CITY, COORDINATES, COUNTRY_ID) VALUES ('b174f6ed-f8be-a75c-77f6-3475aec90266', 1, '2020-01-08 04:24:24.695000', 'admin', '2020-01-08 04:24:24.695000', null, null, null, 'Pointe aux Sables', '2009S 05727E', '4238d410-7f98-f784-93fa-7c4819d12819');
INSERT INTO PUBLIC.ERP_CITY (ID, VERSION, CREATE_TS, CREATED_BY, UPDATE_TS, UPDATED_BY, DELETE_TS, DELETED_BY, CITY, COORDINATES, COUNTRY_ID) VALUES ('b23c58e0-4658-d400-b14f-fc89483855b6', 1, '2020-01-08 04:24:24.718000', 'admin', '2020-01-08 04:24:24.718000', null, null, null, 'MESNIL', '', '4238d410-7f98-f784-93fa-7c4819d12819');
INSERT INTO PUBLIC.ERP_CITY (ID, VERSION, CREATE_TS, CREATED_BY, UPDATE_TS, UPDATED_BY, DELETE_TS, DELETED_BY, CITY, COORDINATES, COUNTRY_ID) VALUES ('b2a0ce9c-717e-8e2d-5066-c041f1ef3cab', 1, '2020-01-08 04:24:24.698000', 'admin', '2020-01-08 04:24:24.698000', null, null, null, 'Tyack', '2028S 05733E', '4238d410-7f98-f784-93fa-7c4819d12819');
INSERT INTO PUBLIC.ERP_CITY (ID, VERSION, CREATE_TS, CREATED_BY, UPDATE_TS, UPDATED_BY, DELETE_TS, DELETED_BY, CITY, COORDINATES, COUNTRY_ID) VALUES ('b2f6e490-ebe0-35d3-836c-71fac178b87b', 1, '2020-01-08 04:24:24.708000', 'admin', '2020-01-08 04:24:24.708000', null, null, null, 'Eau Coulee', '', '4238d410-7f98-f784-93fa-7c4819d12819');
INSERT INTO PUBLIC.ERP_CITY (ID, VERSION, CREATE_TS, CREATED_BY, UPDATE_TS, UPDATED_BY, DELETE_TS, DELETED_BY, CITY, COORDINATES, COUNTRY_ID) VALUES ('b4f23f64-b20d-7bd2-2e16-6b97706ed179', 1, '2020-01-08 04:24:24.692000', 'admin', '2020-01-08 04:24:24.692000', null, null, null, 'Chamarel', '2025S 05723E', '4238d410-7f98-f784-93fa-7c4819d12819');
INSERT INTO PUBLIC.ERP_CITY (ID, VERSION, CREATE_TS, CREATED_BY, UPDATE_TS, UPDATED_BY, DELETE_TS, DELETED_BY, CITY, COORDINATES, COUNTRY_ID) VALUES ('b61e7165-e92c-4fae-dbb1-dd969b68029d', 1, '2020-01-08 04:24:24.696000', 'admin', '2020-01-08 04:24:24.696000', null, null, null, 'Riviere du Rempart', '2006S 05741E', '4238d410-7f98-f784-93fa-7c4819d12819');
INSERT INTO PUBLIC.ERP_CITY (ID, VERSION, CREATE_TS, CREATED_BY, UPDATE_TS, UPDATED_BY, DELETE_TS, DELETED_BY, CITY, COORDINATES, COUNTRY_ID) VALUES ('b74849ae-6258-f3d6-38f8-a4942807e27e', 1, '2020-01-08 04:24:24.707000', 'admin', '2020-01-08 04:24:24.707000', null, null, null, 'Britannia', '', '4238d410-7f98-f784-93fa-7c4819d12819');
INSERT INTO PUBLIC.ERP_CITY (ID, VERSION, CREATE_TS, CREATED_BY, UPDATE_TS, UPDATED_BY, DELETE_TS, DELETED_BY, CITY, COORDINATES, COUNTRY_ID) VALUES ('b7b69aff-c14f-2317-f578-3a993c462d17', 1, '2020-01-08 04:24:24.701000', 'admin', '2020-01-08 04:24:24.701000', null, null, null, 'Midlands', '', '4238d410-7f98-f784-93fa-7c4819d12819');
INSERT INTO PUBLIC.ERP_CITY (ID, VERSION, CREATE_TS, CREATED_BY, UPDATE_TS, UPDATED_BY, DELETE_TS, DELETED_BY, CITY, COORDINATES, COUNTRY_ID) VALUES ('b8b1c5d6-2906-9d3f-a168-67986fbe8226', 1, '2020-01-08 04:24:24.707000', 'admin', '2020-01-08 04:24:24.707000', null, null, null, 'Bambous Virieux', '', '4238d410-7f98-f784-93fa-7c4819d12819');
INSERT INTO PUBLIC.ERP_CITY (ID, VERSION, CREATE_TS, CREATED_BY, UPDATE_TS, UPDATED_BY, DELETE_TS, DELETED_BY, CITY, COORDINATES, COUNTRY_ID) VALUES ('b8cafadd-14a5-9fbc-4fa9-c8462c9f1a0f', 1, '2020-01-08 04:24:24.716000', 'admin', '2020-01-08 04:24:24.716000', null, null, null, 'SOLITUDE', '', '4238d410-7f98-f784-93fa-7c4819d12819');
INSERT INTO PUBLIC.ERP_CITY (ID, VERSION, CREATE_TS, CREATED_BY, UPDATE_TS, UPDATED_BY, DELETE_TS, DELETED_BY, CITY, COORDINATES, COUNTRY_ID) VALUES ('b90b5c66-0d37-fdb9-f700-4a9d21a92743', 1, '2020-01-08 04:24:24.700000', 'admin', '2020-01-08 04:24:24.700000', null, null, null, 'Bon Acceuil', '', '4238d410-7f98-f784-93fa-7c4819d12819');
INSERT INTO PUBLIC.ERP_CITY (ID, VERSION, CREATE_TS, CREATED_BY, UPDATE_TS, UPDATED_BY, DELETE_TS, DELETED_BY, CITY, COORDINATES, COUNTRY_ID) VALUES ('b9f8e2e7-c932-1700-c700-88dfa7e9c613', 1, '2020-01-08 04:24:24.708000', 'admin', '2020-01-08 04:24:24.708000', null, null, null, 'Bramsthan', '', '4238d410-7f98-f784-93fa-7c4819d12819');
INSERT INTO PUBLIC.ERP_CITY (ID, VERSION, CREATE_TS, CREATED_BY, UPDATE_TS, UPDATED_BY, DELETE_TS, DELETED_BY, CITY, COORDINATES, COUNTRY_ID) VALUES ('bb022c2c-ed30-a863-886b-eeb638c19775', 1, '2020-01-08 04:24:24.707000', 'admin', '2020-01-08 04:24:24.707000', null, null, null, 'Le Morne', '', '4238d410-7f98-f784-93fa-7c4819d12819');
INSERT INTO PUBLIC.ERP_CITY (ID, VERSION, CREATE_TS, CREATED_BY, UPDATE_TS, UPDATED_BY, DELETE_TS, DELETED_BY, CITY, COORDINATES, COUNTRY_ID) VALUES ('bbdcd764-5e18-73d7-2e37-1c5f6af269bd', 1, '2020-01-08 04:24:24.702000', 'admin', '2020-01-08 04:24:24.702000', null, null, null, 'Notre Dame', '', '4238d410-7f98-f784-93fa-7c4819d12819');
INSERT INTO PUBLIC.ERP_CITY (ID, VERSION, CREATE_TS, CREATED_BY, UPDATE_TS, UPDATED_BY, DELETE_TS, DELETED_BY, CITY, COORDINATES, COUNTRY_ID) VALUES ('bbe7a822-8210-1b0a-48c1-d6901931f294', 1, '2020-01-08 04:24:24.692000', 'admin', '2020-01-08 04:24:24.692000', null, null, null, 'Chemin Grenier', '2029S 05727E', '4238d410-7f98-f784-93fa-7c4819d12819');
INSERT INTO PUBLIC.ERP_CITY (ID, VERSION, CREATE_TS, CREATED_BY, UPDATE_TS, UPDATED_BY, DELETE_TS, DELETED_BY, CITY, COORDINATES, COUNTRY_ID) VALUES ('bc3a3268-742c-b079-10a0-97dc60cf7d7d', 1, '2020-01-08 04:24:24.716000', 'admin', '2020-01-08 04:24:24.716000', null, null, null, 'Hollywood', '', '4238d410-7f98-f784-93fa-7c4819d12819');
INSERT INTO PUBLIC.ERP_CITY (ID, VERSION, CREATE_TS, CREATED_BY, UPDATE_TS, UPDATED_BY, DELETE_TS, DELETED_BY, CITY, COORDINATES, COUNTRY_ID) VALUES ('be912fd7-0b2e-3400-670f-6d66bdcb5fa0', 1, '2020-01-08 04:24:24.693000', 'admin', '2020-01-08 04:24:24.693000', null, null, null, 'Cloverdale', '', '4238d410-7f98-f784-93fa-7c4819d12819');
INSERT INTO PUBLIC.ERP_CITY (ID, VERSION, CREATE_TS, CREATED_BY, UPDATE_TS, UPDATED_BY, DELETE_TS, DELETED_BY, CITY, COORDINATES, COUNTRY_ID) VALUES ('c045a939-62f1-c74b-d0e7-e60be2f03037', 1, '2020-01-08 04:24:24.693000', 'admin', '2020-01-08 04:24:24.693000', null, null, null, 'Flic en Flac', '2016S 05721E', '4238d410-7f98-f784-93fa-7c4819d12819');
INSERT INTO PUBLIC.ERP_CITY (ID, VERSION, CREATE_TS, CREATED_BY, UPDATE_TS, UPDATED_BY, DELETE_TS, DELETED_BY, CITY, COORDINATES, COUNTRY_ID) VALUES ('c0c59e4f-5d85-1b38-f558-69f24b729734', 1, '2020-01-08 04:24:24.708000', 'admin', '2020-01-08 04:24:24.708000', null, null, null, 'Mare Chicose', '', '4238d410-7f98-f784-93fa-7c4819d12819');
INSERT INTO PUBLIC.ERP_CITY (ID, VERSION, CREATE_TS, CREATED_BY, UPDATE_TS, UPDATED_BY, DELETE_TS, DELETED_BY, CITY, COORDINATES, COUNTRY_ID) VALUES ('c3397579-03e7-03e7-6eba-23ae9dd54a24', 1, '2020-01-08 04:24:24.701000', 'admin', '2020-01-08 04:24:24.701000', null, null, null, 'Camp Ithier', '', '4238d410-7f98-f784-93fa-7c4819d12819');
INSERT INTO PUBLIC.ERP_CITY (ID, VERSION, CREATE_TS, CREATED_BY, UPDATE_TS, UPDATED_BY, DELETE_TS, DELETED_BY, CITY, COORDINATES, COUNTRY_ID) VALUES ('c475ddab-0cbf-02fc-3f17-393f80a63cb5', 1, '2020-01-08 04:24:24.696000', 'admin', '2020-01-08 04:24:24.696000', null, null, null, 'Roches Brunes', '2013S 05727E', '4238d410-7f98-f784-93fa-7c4819d12819');
INSERT INTO PUBLIC.ERP_CITY (ID, VERSION, CREATE_TS, CREATED_BY, UPDATE_TS, UPDATED_BY, DELETE_TS, DELETED_BY, CITY, COORDINATES, COUNTRY_ID) VALUES ('c65ff0ed-db5c-febd-266f-6f59835e4f72', 1, '2020-01-08 04:24:24.702000', 'admin', '2020-01-08 04:24:24.702000', null, null, null, 'Olivia', '', '4238d410-7f98-f784-93fa-7c4819d12819');
INSERT INTO PUBLIC.ERP_CITY (ID, VERSION, CREATE_TS, CREATED_BY, UPDATE_TS, UPDATED_BY, DELETE_TS, DELETED_BY, CITY, COORDINATES, COUNTRY_ID) VALUES ('c6820822-8c30-eca8-8230-2ce74644c7fc', 1, '2020-01-08 04:24:24.703000', 'admin', '2020-01-08 04:24:24.703000', null, null, null, 'Riviere des Creoles', '', '4238d410-7f98-f784-93fa-7c4819d12819');
INSERT INTO PUBLIC.ERP_CITY (ID, VERSION, CREATE_TS, CREATED_BY, UPDATE_TS, UPDATED_BY, DELETE_TS, DELETED_BY, CITY, COORDINATES, COUNTRY_ID) VALUES ('c71a2d86-7455-74c2-a92c-c2ff91b16dd9', 1, '2020-01-08 04:24:24.697000', 'admin', '2020-01-08 04:24:24.697000', null, null, null, 'Tamarin', '2019S 05722E', '4238d410-7f98-f784-93fa-7c4819d12819');
INSERT INTO PUBLIC.ERP_CITY (ID, VERSION, CREATE_TS, CREATED_BY, UPDATE_TS, UPDATED_BY, DELETE_TS, DELETED_BY, CITY, COORDINATES, COUNTRY_ID) VALUES ('c7963569-126f-83a7-1d0d-ee70450791e0', 1, '2020-01-08 04:24:24.718000', 'admin', '2020-01-08 04:24:24.718000', null, null, null, 'Poste Lafayette', '', '4238d410-7f98-f784-93fa-7c4819d12819');
INSERT INTO PUBLIC.ERP_CITY (ID, VERSION, CREATE_TS, CREATED_BY, UPDATE_TS, UPDATED_BY, DELETE_TS, DELETED_BY, CITY, COORDINATES, COUNTRY_ID) VALUES ('c80ac5fb-61fa-7d17-0d95-7ff7049a0238', 1, '2020-01-08 04:24:24.704000', 'admin', '2020-01-08 04:24:24.704000', null, null, null, 'Creve Coeur', '', '4238d410-7f98-f784-93fa-7c4819d12819');
INSERT INTO PUBLIC.ERP_CITY (ID, VERSION, CREATE_TS, CREATED_BY, UPDATE_TS, UPDATED_BY, DELETE_TS, DELETED_BY, CITY, COORDINATES, COUNTRY_ID) VALUES ('c894f793-21dc-3db7-ddc3-7ff39a50f99c', 1, '2020-01-08 04:24:24.699000', 'admin', '2020-01-08 04:24:24.699000', null, null, null, 'Richelieu', '', '4238d410-7f98-f784-93fa-7c4819d12819');
INSERT INTO PUBLIC.ERP_CITY (ID, VERSION, CREATE_TS, CREATED_BY, UPDATE_TS, UPDATED_BY, DELETE_TS, DELETED_BY, CITY, COORDINATES, COUNTRY_ID) VALUES ('c9a898a3-0007-3f08-de77-3875015c21e5', 1, '2020-01-08 04:24:24.715000', 'admin', '2020-01-08 04:24:24.715000', null, null, null, 'Mont Ida', '', '4238d410-7f98-f784-93fa-7c4819d12819');
INSERT INTO PUBLIC.ERP_CITY (ID, VERSION, CREATE_TS, CREATED_BY, UPDATE_TS, UPDATED_BY, DELETE_TS, DELETED_BY, CITY, COORDINATES, COUNTRY_ID) VALUES ('cad9c6e5-871a-9648-864e-73bd9ea2e86e', 1, '2020-01-08 04:24:24.695000', 'admin', '2020-01-08 04:24:24.695000', null, null, null, 'Phoenix', '2017S 05730E', '4238d410-7f98-f784-93fa-7c4819d12819');
INSERT INTO PUBLIC.ERP_CITY (ID, VERSION, CREATE_TS, CREATED_BY, UPDATE_TS, UPDATED_BY, DELETE_TS, DELETED_BY, CITY, COORDINATES, COUNTRY_ID) VALUES ('cc854cb9-ba92-12fd-2859-7d11388ad832', 1, '2020-01-08 04:24:24.693000', 'admin', '2020-01-08 04:24:24.693000', null, null, null, 'Ebene', '2014S 05747E', '4238d410-7f98-f784-93fa-7c4819d12819');
INSERT INTO PUBLIC.ERP_CITY (ID, VERSION, CREATE_TS, CREATED_BY, UPDATE_TS, UPDATED_BY, DELETE_TS, DELETED_BY, CITY, COORDINATES, COUNTRY_ID) VALUES ('cc8a08c9-bf48-a60c-73d4-c61cc4547028', 1, '2020-01-08 04:24:24.715000', 'admin', '2020-01-08 04:24:24.715000', null, null, null, 'Grande Riviere Sud Est(GRSE-Grand River South East)', '2017S 05746E', '4238d410-7f98-f784-93fa-7c4819d12819');
INSERT INTO PUBLIC.ERP_CITY (ID, VERSION, CREATE_TS, CREATED_BY, UPDATE_TS, UPDATED_BY, DELETE_TS, DELETED_BY, CITY, COORDINATES, COUNTRY_ID) VALUES ('d0301a6f-2afa-da47-dfd1-92a9438d0527', 1, '2020-01-08 04:24:24.695000', 'admin', '2020-01-08 04:24:24.695000', null, null, null, 'Port Mathurin', '1941S 06325E', '4238d410-7f98-f784-93fa-7c4819d12819');
INSERT INTO PUBLIC.ERP_CITY (ID, VERSION, CREATE_TS, CREATED_BY, UPDATE_TS, UPDATED_BY, DELETE_TS, DELETED_BY, CITY, COORDINATES, COUNTRY_ID) VALUES ('d116a093-d06f-9de0-22ee-8a084d526576', 1, '2020-01-08 04:24:24.700000', 'admin', '2020-01-08 04:24:24.700000', null, null, null, 'Brisee Verdiere', '', '4238d410-7f98-f784-93fa-7c4819d12819');
INSERT INTO PUBLIC.ERP_CITY (ID, VERSION, CREATE_TS, CREATED_BY, UPDATE_TS, UPDATED_BY, DELETE_TS, DELETED_BY, CITY, COORDINATES, COUNTRY_ID) VALUES ('d116a728-bae2-d339-172a-8909be289057', 1, '2020-01-08 04:24:24.699000', 'admin', '2020-01-08 04:24:24.699000', null, null, null, 'Riviere des Anguilles', '', '4238d410-7f98-f784-93fa-7c4819d12819');
INSERT INTO PUBLIC.ERP_CITY (ID, VERSION, CREATE_TS, CREATED_BY, UPDATE_TS, UPDATED_BY, DELETE_TS, DELETED_BY, CITY, COORDINATES, COUNTRY_ID) VALUES ('d1ecfbd0-5653-d1d7-7da7-4313ee523853', 1, '2020-01-08 04:24:24.698000', 'admin', '2020-01-08 04:24:24.698000', null, null, null, 'Bel Air Riviere Seche', '', '4238d410-7f98-f784-93fa-7c4819d12819');
INSERT INTO PUBLIC.ERP_CITY (ID, VERSION, CREATE_TS, CREATED_BY, UPDATE_TS, UPDATED_BY, DELETE_TS, DELETED_BY, CITY, COORDINATES, COUNTRY_ID) VALUES ('d24a4e4e-c468-9f62-a4bb-255679d29df5', 1, '2020-01-08 04:24:24.700000', 'admin', '2020-01-08 04:24:24.700000', null, null, null, 'Médine Camp de Masque', '', '4238d410-7f98-f784-93fa-7c4819d12819');
INSERT INTO PUBLIC.ERP_CITY (ID, VERSION, CREATE_TS, CREATED_BY, UPDATE_TS, UPDATED_BY, DELETE_TS, DELETED_BY, CITY, COORDINATES, COUNTRY_ID) VALUES ('d353943b-777a-8f1c-5dcc-fe56b3649adc', 1, '2020-01-08 04:24:24.701000', 'admin', '2020-01-08 04:24:24.701000', null, null, null, 'Calebasses', '', '4238d410-7f98-f784-93fa-7c4819d12819');
INSERT INTO PUBLIC.ERP_CITY (ID, VERSION, CREATE_TS, CREATED_BY, UPDATE_TS, UPDATED_BY, DELETE_TS, DELETED_BY, CITY, COORDINATES, COUNTRY_ID) VALUES ('d3eede27-129d-0b49-e6c3-a9d86ad37bb9', 1, '2020-01-08 04:24:24.696000', 'admin', '2020-01-08 04:24:24.696000', null, null, null, 'Roches Noire', '2006S 05742E', '4238d410-7f98-f784-93fa-7c4819d12819');
INSERT INTO PUBLIC.ERP_CITY (ID, VERSION, CREATE_TS, CREATED_BY, UPDATE_TS, UPDATED_BY, DELETE_TS, DELETED_BY, CITY, COORDINATES, COUNTRY_ID) VALUES ('d3f57b93-9bc0-b0cd-7332-97d14e7dd7c4', 1, '2020-01-08 04:24:24.698000', 'admin', '2020-01-08 04:24:24.698000', null, null, null, 'Rose Belle', '', '4238d410-7f98-f784-93fa-7c4819d12819');
INSERT INTO PUBLIC.ERP_CITY (ID, VERSION, CREATE_TS, CREATED_BY, UPDATE_TS, UPDATED_BY, DELETE_TS, DELETED_BY, CITY, COORDINATES, COUNTRY_ID) VALUES ('d6d4e23a-00bb-7168-3c52-a1547226b3b3', 1, '2020-01-08 04:24:24.708000', 'admin', '2020-01-08 04:24:24.708000', null, null, null, 'La Flora', '', '4238d410-7f98-f784-93fa-7c4819d12819');
INSERT INTO PUBLIC.ERP_CITY (ID, VERSION, CREATE_TS, CREATED_BY, UPDATE_TS, UPDATED_BY, DELETE_TS, DELETED_BY, CITY, COORDINATES, COUNTRY_ID) VALUES ('d8c384cf-6f2c-9758-e743-20e4d7219f97', 1, '2020-01-08 04:24:24.697000', 'admin', '2020-01-08 04:24:24.697000', null, null, null, 'Surinam', '2030S 05730E', '4238d410-7f98-f784-93fa-7c4819d12819');
INSERT INTO PUBLIC.ERP_CITY (ID, VERSION, CREATE_TS, CREATED_BY, UPDATE_TS, UPDATED_BY, DELETE_TS, DELETED_BY, CITY, COORDINATES, COUNTRY_ID) VALUES ('dad0229e-c9bc-fff4-1d4b-c898fc776509', 1, '2020-01-08 04:24:24.708000', 'admin', '2020-01-08 04:24:24.708000', null, null, null, 'Candos', '', '4238d410-7f98-f784-93fa-7c4819d12819');
INSERT INTO PUBLIC.ERP_CITY (ID, VERSION, CREATE_TS, CREATED_BY, UPDATE_TS, UPDATED_BY, DELETE_TS, DELETED_BY, CITY, COORDINATES, COUNTRY_ID) VALUES ('db47c1dc-56cd-a7a6-6863-348f693e55b2', 1, '2020-01-08 04:24:24.699000', 'admin', '2020-01-08 04:24:24.699000', null, null, null, 'Grand Bois', '', '4238d410-7f98-f784-93fa-7c4819d12819');
INSERT INTO PUBLIC.ERP_CITY (ID, VERSION, CREATE_TS, CREATED_BY, UPDATE_TS, UPDATED_BY, DELETE_TS, DELETED_BY, CITY, COORDINATES, COUNTRY_ID) VALUES ('dde1bbcb-894e-22aa-5b0f-c3c8d86d966a', 1, '2020-01-08 04:24:24.703000', 'admin', '2020-01-08 04:24:24.703000', null, null, null, 'Queen Victoria', '', '4238d410-7f98-f784-93fa-7c4819d12819');
INSERT INTO PUBLIC.ERP_CITY (ID, VERSION, CREATE_TS, CREATED_BY, UPDATE_TS, UPDATED_BY, DELETE_TS, DELETED_BY, CITY, COORDINATES, COUNTRY_ID) VALUES ('e2c20cbb-8c32-ecd9-0f3e-24b778160c86', 1, '2020-01-08 04:24:24.694000', 'admin', '2020-01-08 04:24:24.694000', null, null, null, 'Morcellemont Saint André', '2004S 05733E', '4238d410-7f98-f784-93fa-7c4819d12819');
INSERT INTO PUBLIC.ERP_CITY (ID, VERSION, CREATE_TS, CREATED_BY, UPDATE_TS, UPDATED_BY, DELETE_TS, DELETED_BY, CITY, COORDINATES, COUNTRY_ID) VALUES ('e3e80490-4af3-b445-3cc9-b465a900072c', 1, '2020-01-08 04:24:24.693000', 'admin', '2020-01-08 04:24:24.693000', null, null, null, 'Grand Baie', '2000S 05734E', '4238d410-7f98-f784-93fa-7c4819d12819');
INSERT INTO PUBLIC.ERP_CITY (ID, VERSION, CREATE_TS, CREATED_BY, UPDATE_TS, UPDATED_BY, DELETE_TS, DELETED_BY, CITY, COORDINATES, COUNTRY_ID) VALUES ('e4359a56-6be5-40b5-c2d9-e7ec3da6ba40', 1, '2020-01-08 04:24:24.719000', 'admin', '2020-01-08 04:24:24.719000', null, null, null, 'RIAMBEL', '', '4238d410-7f98-f784-93fa-7c4819d12819');
INSERT INTO PUBLIC.ERP_CITY (ID, VERSION, CREATE_TS, CREATED_BY, UPDATE_TS, UPDATED_BY, DELETE_TS, DELETED_BY, CITY, COORDINATES, COUNTRY_ID) VALUES ('e9ce080e-519c-e590-35af-4239973d1745', 1, '2020-01-08 04:24:24.715000', 'admin', '2020-01-08 04:24:24.715000', null, null, null, 'HIGHLANDS', '', '4238d410-7f98-f784-93fa-7c4819d12819');
INSERT INTO PUBLIC.ERP_CITY (ID, VERSION, CREATE_TS, CREATED_BY, UPDATE_TS, UPDATED_BY, DELETE_TS, DELETED_BY, CITY, COORDINATES, COUNTRY_ID) VALUES ('ebc7bcb0-d941-4cad-e2cc-79e85c3037e5', 1, '2020-01-08 04:24:24.695000', 'admin', '2020-01-08 04:24:24.695000', null, null, null, 'Plaine Magnien', '2025S 05739E', '4238d410-7f98-f784-93fa-7c4819d12819');
INSERT INTO PUBLIC.ERP_CITY (ID, VERSION, CREATE_TS, CREATED_BY, UPDATE_TS, UPDATED_BY, DELETE_TS, DELETED_BY, CITY, COORDINATES, COUNTRY_ID) VALUES ('ec8cc897-7c17-5496-15a0-eb5b1f7926c9', 1, '2020-01-08 04:24:24.698000', 'admin', '2020-01-08 04:24:24.698000', null, null, null, 'Le Hochet', '', '4238d410-7f98-f784-93fa-7c4819d12819');
INSERT INTO PUBLIC.ERP_CITY (ID, VERSION, CREATE_TS, CREATED_BY, UPDATE_TS, UPDATED_BY, DELETE_TS, DELETED_BY, CITY, COORDINATES, COUNTRY_ID) VALUES ('eccbcbab-b087-b785-0c60-b1cdd9c66fc5', 1, '2020-01-08 04:24:24.716000', 'admin', '2020-01-08 04:24:24.716000', null, null, null, 'Paillote', '', '4238d410-7f98-f784-93fa-7c4819d12819');
INSERT INTO PUBLIC.ERP_CITY (ID, VERSION, CREATE_TS, CREATED_BY, UPDATE_TS, UPDATED_BY, DELETE_TS, DELETED_BY, CITY, COORDINATES, COUNTRY_ID) VALUES ('edac252a-ede0-426d-9f16-863c79735c62', 1, '2020-01-08 04:24:24.707000', 'admin', '2020-01-08 04:24:24.707000', null, null, null, 'Case Noyale', '', '4238d410-7f98-f784-93fa-7c4819d12819');
INSERT INTO PUBLIC.ERP_CITY (ID, VERSION, CREATE_TS, CREATED_BY, UPDATE_TS, UPDATED_BY, DELETE_TS, DELETED_BY, CITY, COORDINATES, COUNTRY_ID) VALUES ('eefb0aef-90de-20db-c96c-606ec9c0ad44', 1, '2020-01-08 04:24:24.697000', 'admin', '2020-01-08 04:24:24.697000', null, null, null, 'Trou aux Biches', '2002S 05732E', '4238d410-7f98-f784-93fa-7c4819d12819');
INSERT INTO PUBLIC.ERP_CITY (ID, VERSION, CREATE_TS, CREATED_BY, UPDATE_TS, UPDATED_BY, DELETE_TS, DELETED_BY, CITY, COORDINATES, COUNTRY_ID) VALUES ('efbbe82b-88f0-3c9b-a197-203800f99b07', 1, '2020-01-08 04:24:24.718000', 'admin', '2020-01-08 04:24:24.718000', null, null, null, 'LONG MOUNTAIN', '', '4238d410-7f98-f784-93fa-7c4819d12819');
INSERT INTO PUBLIC.ERP_CITY (ID, VERSION, CREATE_TS, CREATED_BY, UPDATE_TS, UPDATED_BY, DELETE_TS, DELETED_BY, CITY, COORDINATES, COUNTRY_ID) VALUES ('eff59a23-1c4d-9b00-5072-29b6d131cd91', 1, '2020-01-08 04:24:24.707000', 'admin', '2020-01-08 04:24:24.707000', null, null, null, 'Petit Bel Air', '', '4238d410-7f98-f784-93fa-7c4819d12819');
INSERT INTO PUBLIC.ERP_CITY (ID, VERSION, CREATE_TS, CREATED_BY, UPDATE_TS, UPDATED_BY, DELETE_TS, DELETED_BY, CITY, COORDINATES, COUNTRY_ID) VALUES ('f01f67fa-5942-0f51-d2d0-7c2d46a9ec56', 1, '2020-01-08 04:24:24.699000', 'admin', '2020-01-08 04:24:24.699000', null, null, null, 'Lalmatie', '', '4238d410-7f98-f784-93fa-7c4819d12819');
INSERT INTO PUBLIC.ERP_CITY (ID, VERSION, CREATE_TS, CREATED_BY, UPDATE_TS, UPDATED_BY, DELETE_TS, DELETED_BY, CITY, COORDINATES, COUNTRY_ID) VALUES ('f05fd178-48f0-83fc-9961-680492f7327e', 1, '2020-01-08 04:24:24.717000', 'admin', '2020-01-08 04:24:24.717000', null, null, null, 'SOLFERINO', '', '4238d410-7f98-f784-93fa-7c4819d12819');
INSERT INTO PUBLIC.ERP_CITY (ID, VERSION, CREATE_TS, CREATED_BY, UPDATE_TS, UPDATED_BY, DELETE_TS, DELETED_BY, CITY, COORDINATES, COUNTRY_ID) VALUES ('f145455c-9ca3-4d73-5357-7d35b290ba88', 1, '2020-01-08 04:24:24.714000', 'admin', '2020-01-08 04:24:24.714000', null, null, null, 'Balaclava', '', '4238d410-7f98-f784-93fa-7c4819d12819');
INSERT INTO PUBLIC.ERP_CITY (ID, VERSION, CREATE_TS, CREATED_BY, UPDATE_TS, UPDATED_BY, DELETE_TS, DELETED_BY, CITY, COORDINATES, COUNTRY_ID) VALUES ('f18ef807-1ebc-ba82-581d-852eb536305e', 1, '2020-01-08 04:24:24.714000', 'admin', '2020-01-08 04:24:24.714000', null, null, null, 'Wooton', '', '4238d410-7f98-f784-93fa-7c4819d12819');
INSERT INTO PUBLIC.ERP_CITY (ID, VERSION, CREATE_TS, CREATED_BY, UPDATE_TS, UPDATED_BY, DELETE_TS, DELETED_BY, CITY, COORDINATES, COUNTRY_ID) VALUES ('f1f87c24-aa2e-cab4-e2ba-9acf763dff40', 1, '2020-01-08 04:24:24.714000', 'admin', '2020-01-08 04:24:24.714000', null, null, null, 'CAMP FOUQUEREAUX', '', '4238d410-7f98-f784-93fa-7c4819d12819');
INSERT INTO PUBLIC.ERP_CITY (ID, VERSION, CREATE_TS, CREATED_BY, UPDATE_TS, UPDATED_BY, DELETE_TS, DELETED_BY, CITY, COORDINATES, COUNTRY_ID) VALUES ('f29c2ff5-f92e-490d-10e5-92cb9bafa2d8', 1, '2020-01-08 04:24:24.702000', 'admin', '2020-01-08 04:24:24.702000', null, null, null, 'Quatre Soeurs', '', '4238d410-7f98-f784-93fa-7c4819d12819');
INSERT INTO PUBLIC.ERP_CITY (ID, VERSION, CREATE_TS, CREATED_BY, UPDATE_TS, UPDATED_BY, DELETE_TS, DELETED_BY, CITY, COORDINATES, COUNTRY_ID) VALUES ('f3156351-752a-94a8-3ab6-889d4201bb10', 1, '2020-01-08 04:24:24.708000', 'admin', '2020-01-08 04:24:24.708000', null, null, null, 'Camp Carol', '', '4238d410-7f98-f784-93fa-7c4819d12819');
INSERT INTO PUBLIC.ERP_CITY (ID, VERSION, CREATE_TS, CREATED_BY, UPDATE_TS, UPDATED_BY, DELETE_TS, DELETED_BY, CITY, COORDINATES, COUNTRY_ID) VALUES ('f348184e-354d-ce1b-4d38-f370c135345c', 1, '2020-01-08 04:24:24.701000', 'admin', '2020-01-08 04:24:24.701000', null, null, null, 'Camp Diable', '', '4238d410-7f98-f784-93fa-7c4819d12819');
INSERT INTO PUBLIC.ERP_CITY (ID, VERSION, CREATE_TS, CREATED_BY, UPDATE_TS, UPDATED_BY, DELETE_TS, DELETED_BY, CITY, COORDINATES, COUNTRY_ID) VALUES ('f3c66d59-e01a-c673-2a69-dbf445a74ecf', 1, '2020-01-08 04:24:24.707000', 'admin', '2020-01-08 04:24:24.707000', null, null, null, 'Clémencia', '', '4238d410-7f98-f784-93fa-7c4819d12819');
INSERT INTO PUBLIC.ERP_CITY (ID, VERSION, CREATE_TS, CREATED_BY, UPDATE_TS, UPDATED_BY, DELETE_TS, DELETED_BY, CITY, COORDINATES, COUNTRY_ID) VALUES ('f533e5ad-fa42-3c88-0688-23be3a6194ac', 1, '2020-01-08 04:24:24.691000', 'admin', '2020-01-08 04:24:24.691000', null, null, null, 'Beau Bassin', '2013S 05727E', '4238d410-7f98-f784-93fa-7c4819d12819');
INSERT INTO PUBLIC.ERP_CITY (ID, VERSION, CREATE_TS, CREATED_BY, UPDATE_TS, UPDATED_BY, DELETE_TS, DELETED_BY, CITY, COORDINATES, COUNTRY_ID) VALUES ('f5467240-cd76-b6c6-2ca8-d241ba662ab7', 1, '2020-01-08 04:24:24.693000', 'admin', '2020-01-08 04:24:24.693000', null, null, null, 'Grand River North West', '2010S 05728E', '4238d410-7f98-f784-93fa-7c4819d12819');
INSERT INTO PUBLIC.ERP_CITY (ID, VERSION, CREATE_TS, CREATED_BY, UPDATE_TS, UPDATED_BY, DELETE_TS, DELETED_BY, CITY, COORDINATES, COUNTRY_ID) VALUES ('f6fc4f4c-f0bb-1d93-4982-7d704a227ec2', 1, '2020-01-08 04:24:24.703000', 'admin', '2020-01-08 04:24:24.703000', null, null, null, 'Gros Cailloux', '', '4238d410-7f98-f784-93fa-7c4819d12819');
INSERT INTO PUBLIC.ERP_CITY (ID, VERSION, CREATE_TS, CREATED_BY, UPDATE_TS, UPDATED_BY, DELETE_TS, DELETED_BY, CITY, COORDINATES, COUNTRY_ID) VALUES ('f723a5d4-5fb5-b773-f34e-61017afc1813', 1, '2020-01-08 04:24:24.696000', 'admin', '2020-01-08 04:24:24.696000', null, null, null, 'Poste de Flacq', '2009S 05743E', '4238d410-7f98-f784-93fa-7c4819d12819');
INSERT INTO PUBLIC.ERP_CITY (ID, VERSION, CREATE_TS, CREATED_BY, UPDATE_TS, UPDATED_BY, DELETE_TS, DELETED_BY, CITY, COORDINATES, COUNTRY_ID) VALUES ('f79e91a9-d1a6-f8ba-b3b1-c701aa58495f', 1, '2020-01-08 04:24:24.718000', 'admin', '2020-01-08 04:24:24.718000', null, null, null, 'Camp Thorel', '', '4238d410-7f98-f784-93fa-7c4819d12819');
INSERT INTO PUBLIC.ERP_CITY (ID, VERSION, CREATE_TS, CREATED_BY, UPDATE_TS, UPDATED_BY, DELETE_TS, DELETED_BY, CITY, COORDINATES, COUNTRY_ID) VALUES ('f7d490be-7c1f-dd0a-00ac-84b6509f566a', 1, '2020-01-08 04:24:24.705000', 'admin', '2020-01-08 04:24:24.705000', null, null, null, 'Baie du Cap', '', '4238d410-7f98-f784-93fa-7c4819d12819');
INSERT INTO PUBLIC.ERP_CITY (ID, VERSION, CREATE_TS, CREATED_BY, UPDATE_TS, UPDATED_BY, DELETE_TS, DELETED_BY, CITY, COORDINATES, COUNTRY_ID) VALUES ('f88bd5c4-9f8e-a953-a86e-fabbb6ff8fd8', 1, '2020-01-08 04:24:24.714000', 'admin', '2020-01-08 04:24:24.714000', null, null, null, 'Trianon', '', '4238d410-7f98-f784-93fa-7c4819d12819');
INSERT INTO PUBLIC.ERP_CITY (ID, VERSION, CREATE_TS, CREATED_BY, UPDATE_TS, UPDATED_BY, DELETE_TS, DELETED_BY, CITY, COORDINATES, COUNTRY_ID) VALUES ('f8e45bdd-667a-8584-eb0e-ae7f857975a2', 1, '2020-01-08 04:24:24.714000', 'admin', '2020-01-08 04:24:24.714000', null, null, null, 'Reduit', '', '4238d410-7f98-f784-93fa-7c4819d12819');
INSERT INTO PUBLIC.ERP_CITY (ID, VERSION, CREATE_TS, CREATED_BY, UPDATE_TS, UPDATED_BY, DELETE_TS, DELETED_BY, CITY, COORDINATES, COUNTRY_ID) VALUES ('f8f431ed-635d-4993-a1b1-8d029e0c8ef6', 1, '2020-01-08 04:24:24.693000', 'admin', '2020-01-08 04:24:24.693000', null, null, null, 'Goodlands', '2002S 05738E', '4238d410-7f98-f784-93fa-7c4819d12819');
INSERT INTO PUBLIC.ERP_CITY (ID, VERSION, CREATE_TS, CREATED_BY, UPDATE_TS, UPDATED_BY, DELETE_TS, DELETED_BY, CITY, COORDINATES, COUNTRY_ID) VALUES ('f9905f89-624c-25d9-bd57-bf96c80438a6', 1, '2020-01-08 04:24:24.707000', 'admin', '2020-01-08 04:24:24.707000', null, null, null, 'La Laura Malenga', '', '4238d410-7f98-f784-93fa-7c4819d12819');
INSERT INTO PUBLIC.ERP_CITY (ID, VERSION, CREATE_TS, CREATED_BY, UPDATE_TS, UPDATED_BY, DELETE_TS, DELETED_BY, CITY, COORDINATES, COUNTRY_ID) VALUES ('fb275ad7-1fab-09a5-aa4a-d19893a67ece', 1, '2020-01-08 04:24:24.715000', 'admin', '2020-01-08 04:24:24.715000', null, null, null, 'Menil', '', '4238d410-7f98-f784-93fa-7c4819d12819');
INSERT INTO PUBLIC.ERP_CITY (ID, VERSION, CREATE_TS, CREATED_BY, UPDATE_TS, UPDATED_BY, DELETE_TS, DELETED_BY, CITY, COORDINATES, COUNTRY_ID) VALUES ('fd2c3585-bdd1-57c5-ebc0-7b3b7355497f', 1, '2020-01-08 04:24:24.699000', 'admin', '2020-01-08 04:24:24.699000', null, null, null, 'Grand Gaube', '', '4238d410-7f98-f784-93fa-7c4819d12819');
INSERT INTO PUBLIC.ERP_CITY (ID, VERSION, CREATE_TS, CREATED_BY, UPDATE_TS, UPDATED_BY, DELETE_TS, DELETED_BY, CITY, COORDINATES, COUNTRY_ID) VALUES ('fe3392df-4079-e796-1b6f-9a8ea6326a4a', 1, '2020-01-08 04:24:24.699000', 'admin', '2020-01-08 04:24:24.699000', null, null, null, 'L''Escalier', '', '4238d410-7f98-f784-93fa-7c4819d12819');
--end cities data

--begin use case data
INSERT INTO PUBLIC.ERP_DEPARTMENT (ID, VERSION, CREATE_TS, CREATED_BY, UPDATE_TS, UPDATED_BY, DELETE_TS, DELETED_BY, DEPARTMENT) VALUES ('856c9f21-4001-cc44-7ede-0b3db1ca037c', 1, '2019-12-09 15:59:54.962000', 'admin', '2019-12-09 15:59:54.962000', null, null, null, 'Information Technology');
INSERT INTO PUBLIC.ERP_SUBUNIT (ID, VERSION, CREATE_TS, CREATED_BY, UPDATE_TS, UPDATED_BY, DELETE_TS, DELETED_BY, SUBUNIT, DEPARTMENT_ID) VALUES ('2c7a0516-cdf9-c102-92a6-f214cf6f14b0', 1, '2019-12-09 15:59:54.962000', 'admin', '2019-12-09 15:59:54.962000', null, null, null, 'Frontend Developpers', '856c9f21-4001-cc44-7ede-0b3db1ca037c');
INSERT INTO PUBLIC.ERP_SUBUNIT (ID, VERSION, CREATE_TS, CREATED_BY, UPDATE_TS, UPDATED_BY, DELETE_TS, DELETED_BY, SUBUNIT, DEPARTMENT_ID) VALUES ('5577d77d-c026-be5b-c7b8-a0b8e7c37bc3', 1, '2019-12-09 15:59:54.962000', 'admin', '2019-12-09 15:59:54.962000', null, null, null, 'Backend Developpers', '856c9f21-4001-cc44-7ede-0b3db1ca037c');
INSERT INTO PUBLIC.ERP_SKILL (ID, VERSION, CREATE_TS, CREATED_BY, UPDATE_TS, UPDATED_BY, DELETE_TS, DELETED_BY, NAME, DESCRIPTION) VALUES ('01bb031d-2dc2-0e94-5871-fa496798520e', 1, '2019-12-09 15:58:52.782000', 'admin', '2019-12-09 15:58:52.782000', null, null, null, 'Comptia N+', 'Networking');
INSERT INTO PUBLIC.ERP_EDUCATION (ID, VERSION, CREATE_TS, CREATED_BY, UPDATE_TS, UPDATED_BY, DELETE_TS, DELETED_BY, NAME) VALUES ('2796be26-e965-8875-e704-b137d9a1e978', 1, '2019-12-12 15:32:56.149000', 'admin', '2019-12-12 15:32:56.149000', null, null, null, 'Masters');
INSERT INTO PUBLIC.ERP_EDUCATION (ID, VERSION, CREATE_TS, CREATED_BY, UPDATE_TS, UPDATED_BY, DELETE_TS, DELETED_BY, NAME) VALUES ('778cfd47-257a-bd3e-b906-5862f4f4f594', 1, '2019-12-12 15:33:02.567000', 'admin', '2019-12-12 15:33:02.567000', null, null, null, 'PhD');
INSERT INTO PUBLIC.ERP_EDUCATION (ID, VERSION, CREATE_TS, CREATED_BY, UPDATE_TS, UPDATED_BY, DELETE_TS, DELETED_BY, NAME) VALUES ('ae65adcb-a9dc-d488-64bb-b4caa5f922f5', 1, '2019-12-12 15:32:49.412000', 'admin', '2019-12-12 15:32:49.412000', null, null, null, 'Bachelor Degree');
INSERT INTO PUBLIC.ERP_LANGUAGE (ID, VERSION, CREATE_TS, CREATED_BY, UPDATE_TS, UPDATED_BY, DELETE_TS, DELETED_BY, NAME) VALUES ('9a5fbf3c-ab9b-cd7d-8463-e3c1d8a6ef2e', 2, '2019-12-12 15:33:29.476000', 'admin', '2019-12-12 15:33:55.063000', 'admin', null, null, 'English');
INSERT INTO PUBLIC.ERP_LICENSE (ID, VERSION, CREATE_TS, CREATED_BY, UPDATE_TS, UPDATED_BY, DELETE_TS, DELETED_BY, NAME) VALUES ('5b25c3e4-5f54-94ca-362a-8fb22653b302', 1, '2019-12-12 15:34:52.613000', 'admin', '2019-12-12 15:34:52.613000', null, null, null, 'Autocycle(Automatic)');
INSERT INTO PUBLIC.ERP_LICENSE (ID, VERSION, CREATE_TS, CREATED_BY, UPDATE_TS, UPDATED_BY, DELETE_TS, DELETED_BY, NAME) VALUES ('f0ebe3f8-435c-c4e0-8b85-29421a38afd5', 1, '2019-12-12 15:34:33.992000', 'admin', '2019-12-12 15:34:33.992000', null, null, null, 'Autocycle(Manual)');
INSERT INTO PUBLIC.ERP_CLIENT (ID, VERSION, CREATE_TS, CREATED_BY, UPDATE_TS, UPDATED_BY, DELETE_TS, DELETED_BY, DTYPE, DISPLAY_NAME, EMAIL, PREFERRED_CONTACT_PHONE, FAX_NUMBER, COUNTRY_ID, CITY_ID, SHIPPING_ADDRESS, BILLING_ADDRESS) VALUES ('90fe0ef2-b444-84a7-5367-2370fe694a13', 1, '2020-01-30 12:14:55.788000', 'admin', '2020-01-30 12:14:55.788000', null, null, null, 'PERSON', 'Doe John', 'saiyaljuttun@hotmail.com', null, null, '4238d410-7f98-f784-93fa-7c4819d12819', '0c4f4429-e812-02e1-032e-e95a2fe22b0a', '40, La Caverne, No.1', '40, La Caverne, No.1');
INSERT INTO PUBLIC.ERP_CLIENT (ID, VERSION, CREATE_TS, CREATED_BY, UPDATE_TS, UPDATED_BY, DELETE_TS, DELETED_BY, DTYPE, DISPLAY_NAME, EMAIL, PREFERRED_CONTACT_PHONE, FAX_NUMBER, COUNTRY_ID, CITY_ID, SHIPPING_ADDRESS, BILLING_ADDRESS) VALUES ('a9d94307-bf47-abb5-a7d9-90e06532ecd6', 2, '2020-01-30 12:12:00.384000', 'admin', '2020-01-30 12:17:13.771000', 'admin', null, null, 'COMPANY', 'SECULOGIX LTD', 'test@email.com', '6458254', null, '4238d410-7f98-f784-93fa-7c4819d12819', '0c4f4429-e812-02e1-032e-e95a2fe22b0a', null, '39, La Caverne, No.1,
Vacoas,
Mauritius,');
INSERT INTO PUBLIC.ERP_CLIENT_COMPANY (ID, COMPANY_NAME, COMPANY_ADDRESS, BRN, VAT_NUMBER, SECONDARY_EMAIL, ALTERNATE_PHONE) VALUES ('a9d94307-bf47-abb5-a7d9-90e06532ecd6', 'SECULOGIX LTD', '39, La Caverne, No.1', '584268', 'C244414', null, null);
INSERT INTO PUBLIC.ERP_CLIENT_PERSON (ID, NAME_FIRST_NAME, NAME_MIDDLE_NAME, NAME_LAST_NAME, GENDER, MOBILE_PHONE, HOME_PHONE, WORK_PHONE) VALUES ('90fe0ef2-b444-84a7-5367-2370fe694a13', 'John', null, 'Doe', 10, '58792154', '6852495', null);

--end use case data

--begin service request data
INSERT INTO PUBLIC.ERP_SERVICE_REQUEST (ID, VERSION, CREATE_TS, CREATED_BY, UPDATE_TS, UPDATED_BY, DELETE_TS, DELETED_BY, REFERENCE_NUMBER, EXISTING_CLIENT_ID, CUSTOMER_NAME, MOBILE_PHONE, HOME_PHONE, WORK_PHONE, EMAIL, ADDRESS, INVOICE_NUMBER, TOTAL_PRICE, STATUS, DATE_RECEIVED) VALUES ('0bbe0887-ea14-d590-6b5c-43ecf898f15e', 1, '2020-02-04 21:36:57.080000', 'admin', '2020-02-04 21:36:57.080000', null, null, null, 'R9852', 'a9d94307-bf47-abb5-a7d9-90e06532ecd6', 'SECULOGIX LTD', null, '6458254', null, null, '39, La Caverne, No.1,
Vacoas,
Mauritius,', null, null, 'IN_PROGRESS', '2020-02-04');
INSERT INTO PUBLIC.ERP_SERVICE_REQUEST (ID, VERSION, CREATE_TS, CREATED_BY, UPDATE_TS, UPDATED_BY, DELETE_TS, DELETED_BY, REFERENCE_NUMBER, EXISTING_CLIENT_ID, CUSTOMER_NAME, MOBILE_PHONE, HOME_PHONE, WORK_PHONE, EMAIL, ADDRESS, INVOICE_NUMBER, TOTAL_PRICE, STATUS, DATE_RECEIVED) VALUES ('181e9e1b-75fa-c224-6f81-fca2ce50c64d', 1, '2020-02-04 21:35:10.813000', 'admin', '2020-02-04 21:35:10.813000', null, null, null, 'R9702', '90fe0ef2-b444-84a7-5367-2370fe694a13', 'Doe John', null, '6458254', null, null, '40, La Caverne, No.1', null, null, 'PENDING', '2020-02-04');
INSERT INTO PUBLIC.ERP_SERVICE_REQUEST (ID, VERSION, CREATE_TS, CREATED_BY, UPDATE_TS, UPDATED_BY, DELETE_TS, DELETED_BY, REFERENCE_NUMBER, EXISTING_CLIENT_ID, CUSTOMER_NAME, MOBILE_PHONE, HOME_PHONE, WORK_PHONE, EMAIL, ADDRESS, INVOICE_NUMBER, TOTAL_PRICE, STATUS, DATE_RECEIVED) VALUES ('4b148058-db93-51a6-e368-3c2cd1123835', 1, '2020-02-04 21:34:47.269000', 'admin', '2020-02-04 21:34:47.269000', null, null, null, 'R9701', 'a9d94307-bf47-abb5-a7d9-90e06532ecd6', 'SECULOGIX LTD', null, '6458254', null, null, '39, La Caverne, No.1,
Vacoas,
Mauritius,', null, null, 'PENDING', '2020-02-04');
INSERT INTO PUBLIC.ERP_SERVICE_REQUEST (ID, VERSION, CREATE_TS, CREATED_BY, UPDATE_TS, UPDATED_BY, DELETE_TS, DELETED_BY, REFERENCE_NUMBER, EXISTING_CLIENT_ID, CUSTOMER_NAME, MOBILE_PHONE, HOME_PHONE, WORK_PHONE, EMAIL, ADDRESS, INVOICE_NUMBER, TOTAL_PRICE, STATUS, DATE_RECEIVED) VALUES ('5341062e-a63a-8a12-1d9b-cf9c54a7f849', 2, '2020-02-04 21:37:27.176000', 'admin', '2020-02-04 21:40:35.937000', 'admin', null, null, 'R9854', null, 'Francis Benoit', null, null, null, null, null, null, null, 'IN_PROGRESS', '2020-02-03');
INSERT INTO PUBLIC.ERP_SERVICE_REQUEST (ID, VERSION, CREATE_TS, CREATED_BY, UPDATE_TS, UPDATED_BY, DELETE_TS, DELETED_BY, REFERENCE_NUMBER, EXISTING_CLIENT_ID, CUSTOMER_NAME, MOBILE_PHONE, HOME_PHONE, WORK_PHONE, EMAIL, ADDRESS, INVOICE_NUMBER, TOTAL_PRICE, STATUS, DATE_RECEIVED) VALUES ('6468f688-5642-40e6-96b4-85f371a41acf', 1, '2020-02-04 21:52:45.579000', 'admin', '2020-02-04 21:52:45.579000', null, null, null, 'R8726', 'a9d94307-bf47-abb5-a7d9-90e06532ecd6', 'SECULOGIX LTD', null, '6458254', null, null, '39, La Caverne, No.1,
Vacoas,
Mauritius,', null, null, 'WAITING', '2020-02-02');
INSERT INTO PUBLIC.ERP_SERVICE_REQUEST (ID, VERSION, CREATE_TS, CREATED_BY, UPDATE_TS, UPDATED_BY, DELETE_TS, DELETED_BY, REFERENCE_NUMBER, EXISTING_CLIENT_ID, CUSTOMER_NAME, MOBILE_PHONE, HOME_PHONE, WORK_PHONE, EMAIL, ADDRESS, INVOICE_NUMBER, TOTAL_PRICE, STATUS, DATE_RECEIVED) VALUES ('96e9f04a-9e64-d4ea-3520-67adcbfba5d5', 3, '2020-02-04 21:35:47.168000', 'admin', '2020-02-04 21:50:12.376000', 'admin', null, null, 'R9703', '90fe0ef2-b444-84a7-5367-2370fe694a13', 'Doe John', null, null, null, null, '40, La Caverne, No.1', null, null, 'PENDING', '2020-02-02');
INSERT INTO PUBLIC.ERP_SERVICE_REQUEST (ID, VERSION, CREATE_TS, CREATED_BY, UPDATE_TS, UPDATED_BY, DELETE_TS, DELETED_BY, REFERENCE_NUMBER, EXISTING_CLIENT_ID, CUSTOMER_NAME, MOBILE_PHONE, HOME_PHONE, WORK_PHONE, EMAIL, ADDRESS, INVOICE_NUMBER, TOTAL_PRICE, STATUS, DATE_RECEIVED) VALUES ('a7a181f0-188e-b359-1cae-15e1893a692a', 1, '2020-02-04 21:38:24.185000', 'admin', '2020-02-04 21:38:24.185000', null, null, null, 'R8545', '90fe0ef2-b444-84a7-5367-2370fe694a13', 'Doe John', null, null, null, null, '40, La Caverne, No.1', null, null, 'WAITING', '2020-02-04');
INSERT INTO PUBLIC.ERP_SERVICE_REQUEST (ID, VERSION, CREATE_TS, CREATED_BY, UPDATE_TS, UPDATED_BY, DELETE_TS, DELETED_BY, REFERENCE_NUMBER, EXISTING_CLIENT_ID, CUSTOMER_NAME, MOBILE_PHONE, HOME_PHONE, WORK_PHONE, EMAIL, ADDRESS, INVOICE_NUMBER, TOTAL_PRICE, STATUS, DATE_RECEIVED) VALUES ('b5ed264c-6229-f013-17bc-ca89962f8700', 2, '2020-02-04 21:38:07.507000', 'admin', '2020-02-04 21:41:01.360000', 'admin', null, null, 'R9785', '90fe0ef2-b444-84a7-5367-2370fe694a13', 'Doe John', null, null, null, null, '40, La Caverne, No.1', null, null, 'COMPLETED', '2020-02-02');
INSERT INTO PUBLIC.ERP_SERVICE_REQUEST (ID, VERSION, CREATE_TS, CREATED_BY, UPDATE_TS, UPDATED_BY, DELETE_TS, DELETED_BY, REFERENCE_NUMBER, EXISTING_CLIENT_ID, CUSTOMER_NAME, MOBILE_PHONE, HOME_PHONE, WORK_PHONE, EMAIL, ADDRESS, INVOICE_NUMBER, TOTAL_PRICE, STATUS, DATE_RECEIVED) VALUES ('cb10072b-87bf-36a6-e5e8-9779a370d99b', 2, '2020-02-04 21:37:49.513000', 'admin', '2020-02-04 21:41:13.269000', 'admin', null, null, 'R8563', '90fe0ef2-b444-84a7-5367-2370fe694a13', 'Doe John', null, null, null, null, '40, La Caverne, No.1', null, null, 'COMPLETED', '2020-02-02');
INSERT INTO PUBLIC.ERP_SERVICE_REQUEST (ID, VERSION, CREATE_TS, CREATED_BY, UPDATE_TS, UPDATED_BY, DELETE_TS, DELETED_BY, REFERENCE_NUMBER, EXISTING_CLIENT_ID, CUSTOMER_NAME, MOBILE_PHONE, HOME_PHONE, WORK_PHONE, EMAIL, ADDRESS, INVOICE_NUMBER, TOTAL_PRICE, STATUS, DATE_RECEIVED) VALUES ('f201d6e6-a937-a4c1-d6ea-0460ebc64678', 2, '2020-02-04 21:36:29.621000', 'admin', '2020-02-04 21:48:18.776000', 'admin', null, null, 'R9754', 'a9d94307-bf47-abb5-a7d9-90e06532ecd6', 'SECULOGIX LTD', null, '6458254', null, null, '39, La Caverne, No.1,
Vacoas,
Mauritius,', null, null, 'IN_PROGRESS', '2020-02-01');
INSERT INTO PUBLIC.ERP_SERVICE_REQUEST (ID, VERSION, CREATE_TS, CREATED_BY, UPDATE_TS, UPDATED_BY, DELETE_TS, DELETED_BY, REFERENCE_NUMBER, EXISTING_CLIENT_ID, CUSTOMER_NAME, MOBILE_PHONE, HOME_PHONE, WORK_PHONE, EMAIL, ADDRESS, INVOICE_NUMBER, TOTAL_PRICE, STATUS, DATE_RECEIVED) VALUES ('f306ff3b-b244-5d8f-fba0-511b8f65fc01', 1, '2020-02-04 21:34:31.028000', 'admin', '2020-02-04 21:34:31.028000', null, null, null, 'R9700', 'a9d94307-bf47-abb5-a7d9-90e06532ecd6', 'SECULOGIX LTD', null, '6458254', null, null, '39, La Caverne, No.1,
Vacoas,
Mauritius,', null, null, 'PENDING', '2020-02-04');
--end service request data

--begin product category init data
INSERT INTO PUBLIC.ERP_PRODUCT_CATEGORY (ID, VERSION, CREATE_TS, CREATED_BY, UPDATE_TS, UPDATED_BY, DELETE_TS, DELETED_BY, NAME) VALUES ('0051c487-1c15-1bdd-f5dd-3909c182a42c', 1, '2020-02-10 18:20:07.780000', 'admin', '2020-02-10 18:20:07.780000', null, null, null, 'PENDRIVE');
INSERT INTO PUBLIC.ERP_PRODUCT_CATEGORY (ID, VERSION, CREATE_TS, CREATED_BY, UPDATE_TS, UPDATED_BY, DELETE_TS, DELETED_BY, NAME) VALUES ('0484029e-c2d0-ce58-c073-07a9b4ff6293', 1, '2020-02-10 18:20:07.777000', 'admin', '2020-02-10 18:20:07.777000', null, null, null, 'CACHEBOX');
INSERT INTO PUBLIC.ERP_PRODUCT_CATEGORY (ID, VERSION, CREATE_TS, CREATED_BY, UPDATE_TS, UPDATED_BY, DELETE_TS, DELETED_BY, NAME) VALUES ('085f3c19-de0a-7a0d-44e6-195d37a9258d', 1, '2020-02-10 18:20:07.789000', 'admin', '2020-02-10 18:20:07.789000', null, null, null, 'DOCKING');
INSERT INTO PUBLIC.ERP_PRODUCT_CATEGORY (ID, VERSION, CREATE_TS, CREATED_BY, UPDATE_TS, UPDATED_BY, DELETE_TS, DELETED_BY, NAME) VALUES ('09f9923a-6164-b2c4-05bf-3270eb21596f', 1, '2020-02-10 18:20:07.787000', 'admin', '2020-02-10 18:20:07.787000', null, null, null, 'CACHEBOX:LICENSE');
INSERT INTO PUBLIC.ERP_PRODUCT_CATEGORY (ID, VERSION, CREATE_TS, CREATED_BY, UPDATE_TS, UPDATED_BY, DELETE_TS, DELETED_BY, NAME) VALUES ('0a1b9ce8-e702-edb6-4038-7d071b3e171b', 1, '2020-02-10 18:20:07.695000', 'admin', '2020-02-10 18:20:07.695000', null, null, null, 'HEADSET');
INSERT INTO PUBLIC.ERP_PRODUCT_CATEGORY (ID, VERSION, CREATE_TS, CREATED_BY, UPDATE_TS, UPDATED_BY, DELETE_TS, DELETED_BY, NAME) VALUES ('0c7cce86-e10c-92ea-2e72-7eb67f7de542', 1, '2020-02-10 18:20:07.777000', 'admin', '2020-02-10 18:20:07.777000', null, null, null, 'CABLE:CAT5E');
INSERT INTO PUBLIC.ERP_PRODUCT_CATEGORY (ID, VERSION, CREATE_TS, CREATED_BY, UPDATE_TS, UPDATED_BY, DELETE_TS, DELETED_BY, NAME) VALUES ('0f733240-5575-58f4-bdd8-8ea5531359a7', 1, '2020-02-10 18:20:07.783000', 'admin', '2020-02-10 18:20:07.783000', null, null, null, 'ROUTER');
INSERT INTO PUBLIC.ERP_PRODUCT_CATEGORY (ID, VERSION, CREATE_TS, CREATED_BY, UPDATE_TS, UPDATED_BY, DELETE_TS, DELETED_BY, NAME) VALUES ('12082f31-53e0-8ad8-9e21-0ec375e96abd', 1, '2020-02-10 18:20:07.785000', 'admin', '2020-02-10 18:20:07.785000', null, null, null, 'CABLE:RG59');
INSERT INTO PUBLIC.ERP_PRODUCT_CATEGORY (ID, VERSION, CREATE_TS, CREATED_BY, UPDATE_TS, UPDATED_BY, DELETE_TS, DELETED_BY, NAME) VALUES ('135b0fbe-3387-bf13-c64b-2f13e02bdd9d', 1, '2020-02-10 18:20:07.789000', 'admin', '2020-02-10 18:20:07.789000', null, null, null, 'EXT:CASING');
INSERT INTO PUBLIC.ERP_PRODUCT_CATEGORY (ID, VERSION, CREATE_TS, CREATED_BY, UPDATE_TS, UPDATED_BY, DELETE_TS, DELETED_BY, NAME) VALUES ('16aab68d-920b-3e87-4bb2-7db841a47454', 1, '2020-02-10 18:20:07.781000', 'admin', '2020-02-10 18:20:07.781000', null, null, null, 'POWER BANK');
INSERT INTO PUBLIC.ERP_PRODUCT_CATEGORY (ID, VERSION, CREATE_TS, CREATED_BY, UPDATE_TS, UPDATED_BY, DELETE_TS, DELETED_BY, NAME) VALUES ('178ee7b9-278c-2868-d693-c4baa87fd175', 2, '2020-02-10 18:20:07.778000', 'admin', '2020-02-11 20:56:38.237000', 'admin', null, null, 'INK CARTRIDGE');
INSERT INTO PUBLIC.ERP_PRODUCT_CATEGORY (ID, VERSION, CREATE_TS, CREATED_BY, UPDATE_TS, UPDATED_BY, DELETE_TS, DELETED_BY, NAME) VALUES ('198fe111-1863-a394-e50c-ccae5aa53f6d', 1, '2020-02-10 18:20:07.788000', 'admin', '2020-02-10 18:20:07.788000', null, null, null, 'CARD READER');
INSERT INTO PUBLIC.ERP_PRODUCT_CATEGORY (ID, VERSION, CREATE_TS, CREATED_BY, UPDATE_TS, UPDATED_BY, DELETE_TS, DELETED_BY, NAME) VALUES ('1aa20197-fcb3-c50e-70b2-551d1cc07ef2', 1, '2020-02-10 18:20:07.781000', 'admin', '2020-02-10 18:20:07.781000', null, null, null, 'POWER EXTENSION');
INSERT INTO PUBLIC.ERP_PRODUCT_CATEGORY (ID, VERSION, CREATE_TS, CREATED_BY, UPDATE_TS, UPDATED_BY, DELETE_TS, DELETED_BY, NAME) VALUES ('1b525838-92ff-162e-f34c-86db26cc0b1f', 1, '2020-02-10 18:20:07.794000', 'admin', '2020-02-10 18:20:07.794000', null, null, null, 'HD:SATA');
INSERT INTO PUBLIC.ERP_PRODUCT_CATEGORY (ID, VERSION, CREATE_TS, CREATED_BY, UPDATE_TS, UPDATED_BY, DELETE_TS, DELETED_BY, NAME) VALUES ('1fbcacd2-4ff5-a1e8-867c-47647b67a44a', 1, '2020-02-10 18:20:07.798000', 'admin', '2020-02-10 18:20:07.798000', null, null, null, 'Label Writer');
INSERT INTO PUBLIC.ERP_PRODUCT_CATEGORY (ID, VERSION, CREATE_TS, CREATED_BY, UPDATE_TS, UPDATED_BY, DELETE_TS, DELETED_BY, NAME) VALUES ('23cf8b72-fbc5-39e7-19d9-6b77cb7705e4', 1, '2020-02-10 18:20:07.795000', 'admin', '2020-02-10 18:20:07.795000', null, null, null, 'NETWORK:COPPER');
INSERT INTO PUBLIC.ERP_PRODUCT_CATEGORY (ID, VERSION, CREATE_TS, CREATED_BY, UPDATE_TS, UPDATED_BY, DELETE_TS, DELETED_BY, NAME) VALUES ('25b4d30f-77d7-a28c-c2cb-f5c816b1ecef', 1, '2020-02-10 18:20:07.798000', 'admin', '2020-02-10 18:20:07.798000', null, null, null, 'HEADPHONE');
INSERT INTO PUBLIC.ERP_PRODUCT_CATEGORY (ID, VERSION, CREATE_TS, CREATED_BY, UPDATE_TS, UPDATED_BY, DELETE_TS, DELETED_BY, NAME) VALUES ('28ae20d7-64e3-6908-4188-6ba33ccb18cb', 1, '2020-02-10 18:20:07.784000', 'admin', '2020-02-10 18:20:07.784000', null, null, null, 'TV BOX');
INSERT INTO PUBLIC.ERP_PRODUCT_CATEGORY (ID, VERSION, CREATE_TS, CREATED_BY, UPDATE_TS, UPDATED_BY, DELETE_TS, DELETED_BY, NAME) VALUES ('29e10324-1929-0212-c0f6-27521c340a9f', 1, '2020-02-10 18:20:07.797000', 'admin', '2020-02-10 18:20:07.797000', null, null, null, 'Secure WLAN Controller');
INSERT INTO PUBLIC.ERP_PRODUCT_CATEGORY (ID, VERSION, CREATE_TS, CREATED_BY, UPDATE_TS, UPDATED_BY, DELETE_TS, DELETED_BY, NAME) VALUES ('2a382098-d278-200f-1dc6-5975c1397c1d', 1, '2020-02-10 18:20:07.779000', 'admin', '2020-02-10 18:20:07.779000', null, null, null, 'SPK');
INSERT INTO PUBLIC.ERP_PRODUCT_CATEGORY (ID, VERSION, CREATE_TS, CREATED_BY, UPDATE_TS, UPDATED_BY, DELETE_TS, DELETED_BY, NAME) VALUES ('2a3ca584-cdb5-9014-8415-5d61f4583548', 1, '2020-02-10 18:20:07.785000', 'admin', '2020-02-10 18:20:07.785000', null, null, null, 'CABLE:ALARM');
INSERT INTO PUBLIC.ERP_PRODUCT_CATEGORY (ID, VERSION, CREATE_TS, CREATED_BY, UPDATE_TS, UPDATED_BY, DELETE_TS, DELETED_BY, NAME) VALUES ('2f5b5b06-8ea5-d962-ba5c-85c478c37664', 1, '2020-02-10 18:20:07.783000', 'admin', '2020-02-10 18:20:07.783000', null, null, null, 'TOOLS');
INSERT INTO PUBLIC.ERP_PRODUCT_CATEGORY (ID, VERSION, CREATE_TS, CREATED_BY, UPDATE_TS, UPDATED_BY, DELETE_TS, DELETED_BY, NAME) VALUES ('30d4371f-1191-29be-84a8-7f64c3939c37', 1, '2020-02-10 18:20:07.797000', 'admin', '2020-02-10 18:20:07.797000', null, null, null, 'FIREWALL');
INSERT INTO PUBLIC.ERP_PRODUCT_CATEGORY (ID, VERSION, CREATE_TS, CREATED_BY, UPDATE_TS, UPDATED_BY, DELETE_TS, DELETED_BY, NAME) VALUES ('3389c284-4f5a-75e2-e2aa-3f0ae1b5eac9', 1, '2020-02-10 18:20:07.782000', 'admin', '2020-02-10 18:20:07.782000', null, null, null, 'SERVER');
INSERT INTO PUBLIC.ERP_PRODUCT_CATEGORY (ID, VERSION, CREATE_TS, CREATED_BY, UPDATE_TS, UPDATED_BY, DELETE_TS, DELETED_BY, NAME) VALUES ('35116e0f-19fe-97b1-f892-b56497408b6f', 1, '2020-02-10 18:20:07.790000', 'admin', '2020-02-10 18:20:07.790000', null, null, null, 'EXT:DVD');
INSERT INTO PUBLIC.ERP_PRODUCT_CATEGORY (ID, VERSION, CREATE_TS, CREATED_BY, UPDATE_TS, UPDATED_BY, DELETE_TS, DELETED_BY, NAME) VALUES ('35883054-3280-1aef-1944-1a78885dd264', 1, '2020-02-10 18:20:07.788000', 'admin', '2020-02-10 18:20:07.788000', null, null, null, 'CCTV:PS');
INSERT INTO PUBLIC.ERP_PRODUCT_CATEGORY (ID, VERSION, CREATE_TS, CREATED_BY, UPDATE_TS, UPDATED_BY, DELETE_TS, DELETED_BY, NAME) VALUES ('35e4f20c-01e9-1a2e-5cfe-c6220281f508', 1, '2020-02-10 18:20:07.781000', 'admin', '2020-02-10 18:20:07.781000', null, null, null, 'POWER ADAPTOR');
INSERT INTO PUBLIC.ERP_PRODUCT_CATEGORY (ID, VERSION, CREATE_TS, CREATED_BY, UPDATE_TS, UPDATED_BY, DELETE_TS, DELETED_BY, NAME) VALUES ('36d35e10-2ee0-7e9b-22ad-a88034edbfd1', 1, '2020-02-10 18:20:07.776000', 'admin', '2020-02-10 18:20:07.776000', null, null, null, 'BINDER');
INSERT INTO PUBLIC.ERP_PRODUCT_CATEGORY (ID, VERSION, CREATE_TS, CREATED_BY, UPDATE_TS, UPDATED_BY, DELETE_TS, DELETED_BY, NAME) VALUES ('37eab6dd-2ea5-edfe-b2ae-681d74a7e46b', 1, '2020-02-10 18:20:07.783000', 'admin', '2020-02-10 18:20:07.783000', null, null, null, 'TABLET');
INSERT INTO PUBLIC.ERP_PRODUCT_CATEGORY (ID, VERSION, CREATE_TS, CREATED_BY, UPDATE_TS, UPDATED_BY, DELETE_TS, DELETED_BY, NAME) VALUES ('39ad384a-7b38-fc6b-ef7f-f821877a75f5', 1, '2020-02-10 18:20:07.789000', 'admin', '2020-02-10 18:20:07.789000', null, null, null, 'EXT:HD');
INSERT INTO PUBLIC.ERP_PRODUCT_CATEGORY (ID, VERSION, CREATE_TS, CREATED_BY, UPDATE_TS, UPDATED_BY, DELETE_TS, DELETED_BY, NAME) VALUES ('3a70cc36-0e7a-c289-f43e-5d0c891dbb8f', 1, '2020-02-10 18:20:07.778000', 'admin', '2020-02-10 18:20:07.778000', null, null, null, 'CONNECTOR');
INSERT INTO PUBLIC.ERP_PRODUCT_CATEGORY (ID, VERSION, CREATE_TS, CREATED_BY, UPDATE_TS, UPDATED_BY, DELETE_TS, DELETED_BY, NAME) VALUES ('3c43ddc3-1592-c14c-b498-52a765d8aff8', 1, '2020-02-10 18:20:07.775000', 'admin', '2020-02-10 18:20:07.775000', null, null, null, 'ACCESSORIES');
INSERT INTO PUBLIC.ERP_PRODUCT_CATEGORY (ID, VERSION, CREATE_TS, CREATED_BY, UPDATE_TS, UPDATED_BY, DELETE_TS, DELETED_BY, NAME) VALUES ('3d421d46-b181-211b-0a7a-5fba9690d4e2', 1, '2020-02-10 18:20:07.787000', 'admin', '2020-02-10 18:20:07.787000', null, null, null, 'CABLE:Y-POWER');
INSERT INTO PUBLIC.ERP_PRODUCT_CATEGORY (ID, VERSION, CREATE_TS, CREATED_BY, UPDATE_TS, UPDATED_BY, DELETE_TS, DELETED_BY, NAME) VALUES ('3f594abc-6e6d-53fd-8e00-7b0607e57fce', 1, '2020-02-10 18:20:07.784000', 'admin', '2020-02-10 18:20:07.784000', null, null, null, 'CABLE:AUDIO');
INSERT INTO PUBLIC.ERP_PRODUCT_CATEGORY (ID, VERSION, CREATE_TS, CREATED_BY, UPDATE_TS, UPDATED_BY, DELETE_TS, DELETED_BY, NAME) VALUES ('3f9e3543-df7b-1f57-11d9-e7507343c520', 1, '2020-02-10 18:20:07.779000', 'admin', '2020-02-10 18:20:07.779000', null, null, null, 'MB');
INSERT INTO PUBLIC.ERP_PRODUCT_CATEGORY (ID, VERSION, CREATE_TS, CREATED_BY, UPDATE_TS, UPDATED_BY, DELETE_TS, DELETED_BY, NAME) VALUES ('40fdba14-f79e-2790-7706-d3ef6f2f9252', 1, '2020-02-10 18:20:07.781000', 'admin', '2020-02-10 18:20:07.781000', null, null, null, 'POWER SUPPLY');
INSERT INTO PUBLIC.ERP_PRODUCT_CATEGORY (ID, VERSION, CREATE_TS, CREATED_BY, UPDATE_TS, UPDATED_BY, DELETE_TS, DELETED_BY, NAME) VALUES ('4192f5a3-b5ce-ac0c-b059-a4def03ee90b', 1, '2020-02-10 18:20:07.775000', 'admin', '2020-02-10 18:20:07.775000', null, null, null, 'KB');
INSERT INTO PUBLIC.ERP_PRODUCT_CATEGORY (ID, VERSION, CREATE_TS, CREATED_BY, UPDATE_TS, UPDATED_BY, DELETE_TS, DELETED_BY, NAME) VALUES ('41b10869-e59f-ed25-eb5b-538f8810cfcd', 1, '2020-02-10 18:20:07.794000', 'admin', '2020-02-10 18:20:07.794000', null, null, null, 'HD:NAS');
INSERT INTO PUBLIC.ERP_PRODUCT_CATEGORY (ID, VERSION, CREATE_TS, CREATED_BY, UPDATE_TS, UPDATED_BY, DELETE_TS, DELETED_BY, NAME) VALUES ('41bdf637-72d3-fd2f-caa0-0530f58acc03', 1, '2020-02-10 18:20:07.781000', 'admin', '2020-02-10 18:20:07.781000', null, null, null, 'POWERCORD');
INSERT INTO PUBLIC.ERP_PRODUCT_CATEGORY (ID, VERSION, CREATE_TS, CREATED_BY, UPDATE_TS, UPDATED_BY, DELETE_TS, DELETED_BY, NAME) VALUES ('42a5ff55-0a4d-73ef-d6a6-5696148a7e4b', 1, '2020-02-10 18:20:07.796000', 'admin', '2020-02-10 18:20:07.796000', null, null, null, 'PHONE');
INSERT INTO PUBLIC.ERP_PRODUCT_CATEGORY (ID, VERSION, CREATE_TS, CREATED_BY, UPDATE_TS, UPDATED_BY, DELETE_TS, DELETED_BY, NAME) VALUES ('447ce48e-7214-4d86-5000-79b47bb52272', 1, '2020-02-10 18:20:07.788000', 'admin', '2020-02-10 18:20:07.788000', null, null, null, 'CASING');
INSERT INTO PUBLIC.ERP_PRODUCT_CATEGORY (ID, VERSION, CREATE_TS, CREATED_BY, UPDATE_TS, UPDATED_BY, DELETE_TS, DELETED_BY, NAME) VALUES ('450303fd-831d-9a8d-c50e-f01df12f8538', 1, '2020-02-10 18:20:07.779000', 'admin', '2020-02-10 18:20:07.779000', null, null, null, 'MONITOR');
INSERT INTO PUBLIC.ERP_PRODUCT_CATEGORY (ID, VERSION, CREATE_TS, CREATED_BY, UPDATE_TS, UPDATED_BY, DELETE_TS, DELETED_BY, NAME) VALUES ('49145fa3-d215-fe48-cba0-ddeafdfda4ae', 1, '2020-02-10 18:20:07.786000', 'admin', '2020-02-10 18:20:07.786000', null, null, null, 'CABLE:TOSLINK');
INSERT INTO PUBLIC.ERP_PRODUCT_CATEGORY (ID, VERSION, CREATE_TS, CREATED_BY, UPDATE_TS, UPDATED_BY, DELETE_TS, DELETED_BY, NAME) VALUES ('4ba7482e-f601-777e-c09f-045f4df37e14', 1, '2020-02-10 18:20:07.784000', 'admin', '2020-02-10 18:20:07.784000', null, null, null, 'CABLE:CAT6E');
INSERT INTO PUBLIC.ERP_PRODUCT_CATEGORY (ID, VERSION, CREATE_TS, CREATED_BY, UPDATE_TS, UPDATED_BY, DELETE_TS, DELETED_BY, NAME) VALUES ('543fe9e3-c45f-786d-497b-e2eff858f35d', 1, '2020-02-10 18:20:07.783000', 'admin', '2020-02-10 18:20:07.783000', null, null, null, 'TONER');
INSERT INTO PUBLIC.ERP_PRODUCT_CATEGORY (ID, VERSION, CREATE_TS, CREATED_BY, UPDATE_TS, UPDATED_BY, DELETE_TS, DELETED_BY, NAME) VALUES ('5ae3a413-523b-f71e-f83e-454ed668f4d8', 1, '2020-02-10 18:20:07.779000', 'admin', '2020-02-10 18:20:07.779000', null, null, null, 'NAS');
INSERT INTO PUBLIC.ERP_PRODUCT_CATEGORY (ID, VERSION, CREATE_TS, CREATED_BY, UPDATE_TS, UPDATED_BY, DELETE_TS, DELETED_BY, NAME) VALUES ('5cbdc5d1-f7f2-a947-a7d3-ce039864374c', 1, '2020-02-10 18:20:07.787000', 'admin', '2020-02-10 18:20:07.787000', null, null, null, 'CAGENUTS');
INSERT INTO PUBLIC.ERP_PRODUCT_CATEGORY (ID, VERSION, CREATE_TS, CREATED_BY, UPDATE_TS, UPDATED_BY, DELETE_TS, DELETED_BY, NAME) VALUES ('5d7ef7a6-c131-06e7-c797-6e68f519c8da', 1, '2020-02-10 18:20:07.797000', 'admin', '2020-02-10 18:20:07.797000', null, null, null, 'CABLE');
INSERT INTO PUBLIC.ERP_PRODUCT_CATEGORY (ID, VERSION, CREATE_TS, CREATED_BY, UPDATE_TS, UPDATED_BY, DELETE_TS, DELETED_BY, NAME) VALUES ('5f238d73-85dc-2f70-4a55-1811d67732e2', 1, '2020-02-10 18:20:07.786000', 'admin', '2020-02-10 18:20:07.786000', null, null, null, 'CABLE:TIES');
INSERT INTO PUBLIC.ERP_PRODUCT_CATEGORY (ID, VERSION, CREATE_TS, CREATED_BY, UPDATE_TS, UPDATED_BY, DELETE_TS, DELETED_BY, NAME) VALUES ('5ffb65f6-067d-a4c3-b01d-7a69a62b86bf', 1, '2020-02-10 18:20:07.788000', 'admin', '2020-02-10 18:20:07.788000', null, null, null, 'CASH DRAWER');
INSERT INTO PUBLIC.ERP_PRODUCT_CATEGORY (ID, VERSION, CREATE_TS, CREATED_BY, UPDATE_TS, UPDATED_BY, DELETE_TS, DELETED_BY, NAME) VALUES ('63f4d4f9-b639-bca1-6a0f-55d3ef3c8f9e', 1, '2020-02-10 18:20:07.778000', 'admin', '2020-02-10 18:20:07.778000', null, null, null, 'CPU');
INSERT INTO PUBLIC.ERP_PRODUCT_CATEGORY (ID, VERSION, CREATE_TS, CREATED_BY, UPDATE_TS, UPDATED_BY, DELETE_TS, DELETED_BY, NAME) VALUES ('653421cc-a0e7-b3d1-4a64-9501105f659f', 2, '2020-02-10 18:20:07.778000', 'admin', '2020-02-11 20:54:32.574000', 'admin', null, null, 'PC');
INSERT INTO PUBLIC.ERP_PRODUCT_CATEGORY (ID, VERSION, CREATE_TS, CREATED_BY, UPDATE_TS, UPDATED_BY, DELETE_TS, DELETED_BY, NAME) VALUES ('65a7d28d-c454-a569-a2e1-5aa56ceca6ec', 1, '2020-02-10 18:20:07.794000', 'admin', '2020-02-10 18:20:07.794000', null, null, null, 'EXT:BLU-RAY');
INSERT INTO PUBLIC.ERP_PRODUCT_CATEGORY (ID, VERSION, CREATE_TS, CREATED_BY, UPDATE_TS, UPDATED_BY, DELETE_TS, DELETED_BY, NAME) VALUES ('6866ae80-d419-20ee-6889-aef6e71864d6', 1, '2020-02-10 18:20:07.782000', 'admin', '2020-02-10 18:20:07.782000', null, null, null, 'SPLITTER');
INSERT INTO PUBLIC.ERP_PRODUCT_CATEGORY (ID, VERSION, CREATE_TS, CREATED_BY, UPDATE_TS, UPDATED_BY, DELETE_TS, DELETED_BY, NAME) VALUES ('692c3ebe-befe-40da-e82f-d977e745709c', 1, '2020-02-10 18:20:07.780000', 'admin', '2020-02-10 18:20:07.780000', null, null, null, 'PATCH:CABLE');
INSERT INTO PUBLIC.ERP_PRODUCT_CATEGORY (ID, VERSION, CREATE_TS, CREATED_BY, UPDATE_TS, UPDATED_BY, DELETE_TS, DELETED_BY, NAME) VALUES ('695d2f92-9321-df23-3b4c-a497682e264d', 1, '2020-02-10 18:20:07.796000', 'admin', '2020-02-10 18:20:07.796000', null, null, null, 'MEMORY');
INSERT INTO PUBLIC.ERP_PRODUCT_CATEGORY (ID, VERSION, CREATE_TS, CREATED_BY, UPDATE_TS, UPDATED_BY, DELETE_TS, DELETED_BY, NAME) VALUES ('6b93c103-076c-ead3-08bf-80117f9694b2', 1, '2020-02-10 18:20:07.788000', 'admin', '2020-02-10 18:20:07.788000', null, null, null, 'CCTV:COAX-METER');
INSERT INTO PUBLIC.ERP_PRODUCT_CATEGORY (ID, VERSION, CREATE_TS, CREATED_BY, UPDATE_TS, UPDATED_BY, DELETE_TS, DELETED_BY, NAME) VALUES ('70542a4b-6636-9601-9478-4923114fc173', 1, '2020-02-10 18:20:07.779000', 'admin', '2020-02-10 18:20:07.779000', null, null, null, 'SWITCH');
INSERT INTO PUBLIC.ERP_PRODUCT_CATEGORY (ID, VERSION, CREATE_TS, CREATED_BY, UPDATE_TS, UPDATED_BY, DELETE_TS, DELETED_BY, NAME) VALUES ('70aa0154-489d-ffba-1e95-8a3d6bfc0152', 1, '2020-02-10 18:20:07.799000', 'admin', '2020-02-10 18:20:07.799000', null, null, null, 'CCTV:VIDEO AMP');
INSERT INTO PUBLIC.ERP_PRODUCT_CATEGORY (ID, VERSION, CREATE_TS, CREATED_BY, UPDATE_TS, UPDATED_BY, DELETE_TS, DELETED_BY, NAME) VALUES ('731e9436-8b40-bd1f-0107-f2f3bf160a48', 1, '2020-02-10 18:20:07.785000', 'admin', '2020-02-10 18:20:07.785000', null, null, null, 'CABLE:MANAGER');
INSERT INTO PUBLIC.ERP_PRODUCT_CATEGORY (ID, VERSION, CREATE_TS, CREATED_BY, UPDATE_TS, UPDATED_BY, DELETE_TS, DELETED_BY, NAME) VALUES ('7995bcdc-fcbd-539c-6c7b-2a4dee1abb9d', 1, '2020-02-10 18:20:07.788000', 'admin', '2020-02-10 18:20:07.788000', null, null, null, 'DVR');
INSERT INTO PUBLIC.ERP_PRODUCT_CATEGORY (ID, VERSION, CREATE_TS, CREATED_BY, UPDATE_TS, UPDATED_BY, DELETE_TS, DELETED_BY, NAME) VALUES ('7af03458-37b1-cc12-e446-097237310bf8', 1, '2020-02-10 18:20:07.781000', 'admin', '2020-02-10 18:20:07.781000', null, null, null, 'PRINTER');
INSERT INTO PUBLIC.ERP_PRODUCT_CATEGORY (ID, VERSION, CREATE_TS, CREATED_BY, UPDATE_TS, UPDATED_BY, DELETE_TS, DELETED_BY, NAME) VALUES ('7d46df62-393e-ba5b-86b0-efb0b9ee1b80', 1, '2020-02-10 18:20:07.777000', 'admin', '2020-02-10 18:20:07.777000', null, null, null, 'CAMERA');
INSERT INTO PUBLIC.ERP_PRODUCT_CATEGORY (ID, VERSION, CREATE_TS, CREATED_BY, UPDATE_TS, UPDATED_BY, DELETE_TS, DELETED_BY, NAME) VALUES ('810e7f23-a2e4-7029-4a57-a2ae9cb5a9ab', 1, '2020-02-10 18:20:07.796000', 'admin', '2020-02-10 18:20:07.796000', null, null, null, 'PATCH:PANEL');
INSERT INTO PUBLIC.ERP_PRODUCT_CATEGORY (ID, VERSION, CREATE_TS, CREATED_BY, UPDATE_TS, UPDATED_BY, DELETE_TS, DELETED_BY, NAME) VALUES ('8123dc4c-7b83-3939-3421-3c9a480f609a', 1, '2020-02-10 18:20:07.782000', 'admin', '2020-02-10 18:20:07.782000', null, null, null, 'SOUND CARD');
INSERT INTO PUBLIC.ERP_PRODUCT_CATEGORY (ID, VERSION, CREATE_TS, CREATED_BY, UPDATE_TS, UPDATED_BY, DELETE_TS, DELETED_BY, NAME) VALUES ('82185b17-5c87-bbd4-c323-bd9714ef4308', 1, '2020-02-10 18:20:07.786000', 'admin', '2020-02-10 18:20:07.786000', null, null, null, 'CABLE:USB');
INSERT INTO PUBLIC.ERP_PRODUCT_CATEGORY (ID, VERSION, CREATE_TS, CREATED_BY, UPDATE_TS, UPDATED_BY, DELETE_TS, DELETED_BY, NAME) VALUES ('82214e48-d1d6-e8aa-2739-10fe3b2baca8', 1, '2020-02-10 18:20:07.797000', 'admin', '2020-02-10 18:20:07.797000', null, null, null, 'DATA CARTRIDGE');
INSERT INTO PUBLIC.ERP_PRODUCT_CATEGORY (ID, VERSION, CREATE_TS, CREATED_BY, UPDATE_TS, UPDATED_BY, DELETE_TS, DELETED_BY, NAME) VALUES ('82f4c4f6-16ba-a80f-8bff-025b1a003b71', 1, '2020-02-10 18:20:07.784000', 'admin', '2020-02-10 18:20:07.784000', null, null, null, 'CABLE:COAX');
INSERT INTO PUBLIC.ERP_PRODUCT_CATEGORY (ID, VERSION, CREATE_TS, CREATED_BY, UPDATE_TS, UPDATED_BY, DELETE_TS, DELETED_BY, NAME) VALUES ('830863c9-c2d3-51ee-22a1-413213c633be', 1, '2020-02-10 18:20:07.779000', 'admin', '2020-02-10 18:20:07.779000', null, null, null, 'KEYBOARD');
INSERT INTO PUBLIC.ERP_PRODUCT_CATEGORY (ID, VERSION, CREATE_TS, CREATED_BY, UPDATE_TS, UPDATED_BY, DELETE_TS, DELETED_BY, NAME) VALUES ('84657bf3-f68f-af3d-93de-e5c1a4208d8f', 1, '2020-02-10 18:20:07.784000', 'admin', '2020-02-10 18:20:07.784000', null, null, null, 'CABLE:CAT6A');
INSERT INTO PUBLIC.ERP_PRODUCT_CATEGORY (ID, VERSION, CREATE_TS, CREATED_BY, UPDATE_TS, UPDATED_BY, DELETE_TS, DELETED_BY, NAME) VALUES ('8895c497-88ba-a66e-c971-d247cd0831ab', 1, '2020-02-10 18:20:07.781000', 'admin', '2020-02-10 18:20:07.781000', null, null, null, 'POWER RAIL');
INSERT INTO PUBLIC.ERP_PRODUCT_CATEGORY (ID, VERSION, CREATE_TS, CREATED_BY, UPDATE_TS, UPDATED_BY, DELETE_TS, DELETED_BY, NAME) VALUES ('8b931eee-9373-6102-a3d7-236aa3a6bdb7', 1, '2020-02-10 18:20:07.796000', 'admin', '2020-02-10 18:20:07.796000', null, null, null, 'PATCH:FO');
INSERT INTO PUBLIC.ERP_PRODUCT_CATEGORY (ID, VERSION, CREATE_TS, CREATED_BY, UPDATE_TS, UPDATED_BY, DELETE_TS, DELETED_BY, NAME) VALUES ('919a1d7d-0ee2-469c-13c3-52099ba7deee', 1, '2020-02-10 18:20:07.783000', 'admin', '2020-02-10 18:20:07.783000', null, null, null, 'TAPE');
INSERT INTO PUBLIC.ERP_PRODUCT_CATEGORY (ID, VERSION, CREATE_TS, CREATED_BY, UPDATE_TS, UPDATED_BY, DELETE_TS, DELETED_BY, NAME) VALUES ('9230a624-401c-66a1-d237-087cd3547c7e', 1, '2020-02-10 18:20:07.775000', 'admin', '2020-02-10 18:20:07.775000', null, null, null, 'BATTERY');
INSERT INTO PUBLIC.ERP_PRODUCT_CATEGORY (ID, VERSION, CREATE_TS, CREATED_BY, UPDATE_TS, UPDATED_BY, DELETE_TS, DELETED_BY, NAME) VALUES ('933bfada-a316-82ee-aa47-100eb441a4d6', 1, '2020-02-10 18:20:07.789000', 'admin', '2020-02-10 18:20:07.789000', null, null, null, 'CDRW');
INSERT INTO PUBLIC.ERP_PRODUCT_CATEGORY (ID, VERSION, CREATE_TS, CREATED_BY, UPDATE_TS, UPDATED_BY, DELETE_TS, DELETED_BY, NAME) VALUES ('94386dcd-5907-84b5-44cb-b94b090d065f', 1, '2020-02-10 18:20:07.785000', 'admin', '2020-02-10 18:20:07.785000', null, null, null, 'CABLE:RCA');
INSERT INTO PUBLIC.ERP_PRODUCT_CATEGORY (ID, VERSION, CREATE_TS, CREATED_BY, UPDATE_TS, UPDATED_BY, DELETE_TS, DELETED_BY, NAME) VALUES ('94f3c484-d36f-aed3-98eb-a535eae818f9', 1, '2020-02-10 18:20:07.778000', 'admin', '2020-02-10 18:20:07.778000', null, null, null, 'FAN');
INSERT INTO PUBLIC.ERP_PRODUCT_CATEGORY (ID, VERSION, CREATE_TS, CREATED_BY, UPDATE_TS, UPDATED_BY, DELETE_TS, DELETED_BY, NAME) VALUES ('979f0326-acb6-efe3-d6f9-7fdc53105531', 1, '2020-02-10 18:20:07.795000', 'admin', '2020-02-10 18:20:07.795000', null, null, null, 'HD:SERVER');
INSERT INTO PUBLIC.ERP_PRODUCT_CATEGORY (ID, VERSION, CREATE_TS, CREATED_BY, UPDATE_TS, UPDATED_BY, DELETE_TS, DELETED_BY, NAME) VALUES ('9824b637-e203-4462-4e85-9c0ea1de586c', 1, '2020-02-10 18:20:07.797000', 'admin', '2020-02-10 18:20:07.797000', null, null, null, 'KVM SWITCH');
INSERT INTO PUBLIC.ERP_PRODUCT_CATEGORY (ID, VERSION, CREATE_TS, CREATED_BY, UPDATE_TS, UPDATED_BY, DELETE_TS, DELETED_BY, NAME) VALUES ('99fbaba3-e367-ea2d-81f4-e8c1651cd39e', 1, '2020-02-10 18:20:07.780000', 'admin', '2020-02-10 18:20:07.780000', null, null, null, 'NOTEBOOK');
INSERT INTO PUBLIC.ERP_PRODUCT_CATEGORY (ID, VERSION, CREATE_TS, CREATED_BY, UPDATE_TS, UPDATED_BY, DELETE_TS, DELETED_BY, NAME) VALUES ('9d862a30-16bf-dc8a-b946-14213527bf25', 1, '2020-02-10 18:20:07.782000', 'admin', '2020-02-10 18:20:07.782000', null, null, null, 'SCANNER');
INSERT INTO PUBLIC.ERP_PRODUCT_CATEGORY (ID, VERSION, CREATE_TS, CREATED_BY, UPDATE_TS, UPDATED_BY, DELETE_TS, DELETED_BY, NAME) VALUES ('9da1b6f9-0f6f-6fca-b5fd-c38ddc14e882', 1, '2020-02-10 18:20:07.786000', 'admin', '2020-02-10 18:20:07.786000', null, null, null, 'CABLE:VGA');
INSERT INTO PUBLIC.ERP_PRODUCT_CATEGORY (ID, VERSION, CREATE_TS, CREATED_BY, UPDATE_TS, UPDATED_BY, DELETE_TS, DELETED_BY, NAME) VALUES ('9dd972f2-2663-593f-5243-5ea94ccf64d0', 1, '2020-02-10 18:20:07.784000', 'admin', '2020-02-10 18:20:07.784000', null, null, null, 'VOICE RECORDER');
INSERT INTO PUBLIC.ERP_PRODUCT_CATEGORY (ID, VERSION, CREATE_TS, CREATED_BY, UPDATE_TS, UPDATED_BY, DELETE_TS, DELETED_BY, NAME) VALUES ('a0bd5a07-ca68-728b-7035-f13ce6f19ce8', 1, '2020-02-10 18:20:07.782000', 'admin', '2020-02-10 18:20:07.782000', null, null, null, 'SOFTWARE');
INSERT INTO PUBLIC.ERP_PRODUCT_CATEGORY (ID, VERSION, CREATE_TS, CREATED_BY, UPDATE_TS, UPDATED_BY, DELETE_TS, DELETED_BY, NAME) VALUES ('a0c8a16e-8906-48cc-5ee3-d6dc2743597d', 1, '2020-02-10 18:20:07.783000', 'admin', '2020-02-10 18:20:07.783000', null, null, null, 'TV');
INSERT INTO PUBLIC.ERP_PRODUCT_CATEGORY (ID, VERSION, CREATE_TS, CREATED_BY, UPDATE_TS, UPDATED_BY, DELETE_TS, DELETED_BY, NAME) VALUES ('a360441b-54bb-e963-c4b1-cc889d8d1d41', 1, '2020-02-10 18:20:07.782000', 'admin', '2020-02-10 18:20:07.782000', null, null, null, 'SHELF');
INSERT INTO PUBLIC.ERP_PRODUCT_CATEGORY (ID, VERSION, CREATE_TS, CREATED_BY, UPDATE_TS, UPDATED_BY, DELETE_TS, DELETED_BY, NAME) VALUES ('a3dd23aa-ce01-7e88-2561-b605a6edc545', 1, '2020-02-10 18:20:07.790000', 'admin', '2020-02-10 18:20:07.790000', null, null, null, 'EXT:SSD DRIVE');
INSERT INTO PUBLIC.ERP_PRODUCT_CATEGORY (ID, VERSION, CREATE_TS, CREATED_BY, UPDATE_TS, UPDATED_BY, DELETE_TS, DELETED_BY, NAME) VALUES ('a7d69192-6acd-7868-081f-0aa983f070da', 1, '2020-02-10 18:20:07.778000', 'admin', '2020-02-10 18:20:07.778000', null, null, null, 'Access Point');
INSERT INTO PUBLIC.ERP_PRODUCT_CATEGORY (ID, VERSION, CREATE_TS, CREATED_BY, UPDATE_TS, UPDATED_BY, DELETE_TS, DELETED_BY, NAME) VALUES ('acd78fee-9ed7-6aa5-c4a3-240da7f11f34', 1, '2020-02-10 18:20:07.775000', 'admin', '2020-02-10 18:20:07.775000', null, null, null, 'BAG');
INSERT INTO PUBLIC.ERP_PRODUCT_CATEGORY (ID, VERSION, CREATE_TS, CREATED_BY, UPDATE_TS, UPDATED_BY, DELETE_TS, DELETED_BY, NAME) VALUES ('ae3f6dfb-5381-3f5a-8ef6-e3316408080b', 1, '2020-02-10 18:20:07.784000', 'admin', '2020-02-10 18:20:07.784000', null, null, null, 'UPS');
INSERT INTO PUBLIC.ERP_PRODUCT_CATEGORY (ID, VERSION, CREATE_TS, CREATED_BY, UPDATE_TS, UPDATED_BY, DELETE_TS, DELETED_BY, NAME) VALUES ('afbc840e-0324-e4da-8d24-7ec25ea4c45b', 1, '2020-02-10 18:20:07.797000', 'admin', '2020-02-10 18:20:07.797000', null, null, null, 'PRINT SERVER');
INSERT INTO PUBLIC.ERP_PRODUCT_CATEGORY (ID, VERSION, CREATE_TS, CREATED_BY, UPDATE_TS, UPDATED_BY, DELETE_TS, DELETED_BY, NAME) VALUES ('b0f38696-9e26-91f7-fa29-dd389cd964dc', 1, '2020-02-10 18:20:07.795000', 'admin', '2020-02-10 18:20:07.795000', null, null, null, 'HD:SUR');
INSERT INTO PUBLIC.ERP_PRODUCT_CATEGORY (ID, VERSION, CREATE_TS, CREATED_BY, UPDATE_TS, UPDATED_BY, DELETE_TS, DELETED_BY, NAME) VALUES ('b48377a8-59ff-5c05-a180-9361dca29917', 1, '2020-02-10 18:20:07.785000', 'admin', '2020-02-10 18:20:07.785000', null, null, null, 'CABLE:POWER');
INSERT INTO PUBLIC.ERP_PRODUCT_CATEGORY (ID, VERSION, CREATE_TS, CREATED_BY, UPDATE_TS, UPDATED_BY, DELETE_TS, DELETED_BY, NAME) VALUES ('b8f134e2-2528-a2a3-e9b9-304fb71f251e', 1, '2020-02-10 18:20:07.798000', 'admin', '2020-02-10 18:20:07.798000', null, null, null, 'NETWORK CARD');
INSERT INTO PUBLIC.ERP_PRODUCT_CATEGORY (ID, VERSION, CREATE_TS, CREATED_BY, UPDATE_TS, UPDATED_BY, DELETE_TS, DELETED_BY, NAME) VALUES ('bb01975f-3428-b754-bc42-7b50fd7acaf3', 1, '2020-02-10 18:20:07.780000', 'admin', '2020-02-10 18:20:07.780000', null, null, null, 'MODEM');
INSERT INTO PUBLIC.ERP_PRODUCT_CATEGORY (ID, VERSION, CREATE_TS, CREATED_BY, UPDATE_TS, UPDATED_BY, DELETE_TS, DELETED_BY, NAME) VALUES ('c3358cd6-6dba-89a4-8d3b-a05154e63fd5', 1, '2020-02-10 18:20:07.780000', 'admin', '2020-02-10 18:20:07.780000', null, null, null, 'PCI');
INSERT INTO PUBLIC.ERP_PRODUCT_CATEGORY (ID, VERSION, CREATE_TS, CREATED_BY, UPDATE_TS, UPDATED_BY, DELETE_TS, DELETED_BY, NAME) VALUES ('c49dc084-287c-72c8-2820-d5061a315379', 1, '2020-02-10 18:20:07.780000', 'admin', '2020-02-10 18:20:07.780000', null, null, null, 'PDU');
INSERT INTO PUBLIC.ERP_PRODUCT_CATEGORY (ID, VERSION, CREATE_TS, CREATED_BY, UPDATE_TS, UPDATED_BY, DELETE_TS, DELETED_BY, NAME) VALUES ('c5adac48-ec95-4f50-e1e8-8468bb34fd5a', 1, '2020-02-10 18:20:07.787000', 'admin', '2020-02-10 18:20:07.787000', null, null, null, 'CABLE:Y CONNECTION');
INSERT INTO PUBLIC.ERP_PRODUCT_CATEGORY (ID, VERSION, CREATE_TS, CREATED_BY, UPDATE_TS, UPDATED_BY, DELETE_TS, DELETED_BY, NAME) VALUES ('c65c0d4c-4dce-be99-1086-97deeb22a442', 1, '2020-02-10 18:20:07.798000', 'admin', '2020-02-10 18:20:07.798000', null, null, null, 'Label');
INSERT INTO PUBLIC.ERP_PRODUCT_CATEGORY (ID, VERSION, CREATE_TS, CREATED_BY, UPDATE_TS, UPDATED_BY, DELETE_TS, DELETED_BY, NAME) VALUES ('d0a0571d-27d5-0565-3b81-875e91598b43', 1, '2020-02-10 18:20:07.779000', 'admin', '2020-02-10 18:20:07.779000', null, null, null, 'BRACKET');
INSERT INTO PUBLIC.ERP_PRODUCT_CATEGORY (ID, VERSION, CREATE_TS, CREATED_BY, UPDATE_TS, UPDATED_BY, DELETE_TS, DELETED_BY, NAME) VALUES ('d0b365d8-1f67-fc1c-5c69-93563d6efb0d', 1, '2020-02-10 18:20:07.780000', 'admin', '2020-02-10 18:20:07.780000', null, null, null, 'PABX');
INSERT INTO PUBLIC.ERP_PRODUCT_CATEGORY (ID, VERSION, CREATE_TS, CREATED_BY, UPDATE_TS, UPDATED_BY, DELETE_TS, DELETED_BY, NAME) VALUES ('d283d6fb-7557-6e0c-571b-0d63bf6e8205', 1, '2020-02-10 18:20:07.788000', 'admin', '2020-02-10 18:20:07.788000', null, null, null, 'CCTV:JACK');
INSERT INTO PUBLIC.ERP_PRODUCT_CATEGORY (ID, VERSION, CREATE_TS, CREATED_BY, UPDATE_TS, UPDATED_BY, DELETE_TS, DELETED_BY, NAME) VALUES ('d3f63f1c-3e2f-7b5e-9fe5-51053ec2080e', 1, '2020-02-10 18:20:07.799000', 'admin', '2020-02-10 18:20:07.799000', null, null, null, 'NVR');
INSERT INTO PUBLIC.ERP_PRODUCT_CATEGORY (ID, VERSION, CREATE_TS, CREATED_BY, UPDATE_TS, UPDATED_BY, DELETE_TS, DELETED_BY, NAME) VALUES ('d48bedd3-6639-b46b-ba48-ad77cc5c1420', 1, '2020-02-10 18:20:07.789000', 'admin', '2020-02-10 18:20:07.789000', null, null, null, 'COOLING-PAD');
INSERT INTO PUBLIC.ERP_PRODUCT_CATEGORY (ID, VERSION, CREATE_TS, CREATED_BY, UPDATE_TS, UPDATED_BY, DELETE_TS, DELETED_BY, NAME) VALUES ('d76498e7-5b59-2b15-8ed6-8e8b7123d2c0', 1, '2020-02-10 18:20:07.780000', 'admin', '2020-02-10 18:20:07.780000', null, null, null, 'PAPER');
INSERT INTO PUBLIC.ERP_PRODUCT_CATEGORY (ID, VERSION, CREATE_TS, CREATED_BY, UPDATE_TS, UPDATED_BY, DELETE_TS, DELETED_BY, NAME) VALUES ('d89003e5-9fc0-da1a-08c3-cbafc295dc41', 1, '2020-02-10 18:20:07.786000', 'admin', '2020-02-10 18:20:07.786000', null, null, null, 'CABLE:UPS');
INSERT INTO PUBLIC.ERP_PRODUCT_CATEGORY (ID, VERSION, CREATE_TS, CREATED_BY, UPDATE_TS, UPDATED_BY, DELETE_TS, DELETED_BY, NAME) VALUES ('da3f0b38-ade4-57d4-c88b-445fea466a2f', 1, '2020-02-10 18:20:07.782000', 'admin', '2020-02-10 18:20:07.782000', null, null, null, 'SOCKET');
INSERT INTO PUBLIC.ERP_PRODUCT_CATEGORY (ID, VERSION, CREATE_TS, CREATED_BY, UPDATE_TS, UPDATED_BY, DELETE_TS, DELETED_BY, NAME) VALUES ('dcf7f546-f459-57d2-10d9-02ac84c750aa', 1, '2020-02-10 18:20:07.783000', 'admin', '2020-02-10 18:20:07.783000', null, null, null, 'TRUNKING');
INSERT INTO PUBLIC.ERP_PRODUCT_CATEGORY (ID, VERSION, CREATE_TS, CREATED_BY, UPDATE_TS, UPDATED_BY, DELETE_TS, DELETED_BY, NAME) VALUES ('dd8f6370-38ea-a915-064e-ce32b621d308', 1, '2020-02-10 18:20:07.789000', 'admin', '2020-02-10 18:20:07.789000', null, null, null, 'CDR');
INSERT INTO PUBLIC.ERP_PRODUCT_CATEGORY (ID, VERSION, CREATE_TS, CREATED_BY, UPDATE_TS, UPDATED_BY, DELETE_TS, DELETED_BY, NAME) VALUES ('df2e466e-4b4e-a6c3-bfc5-6e7f9db98b54', 1, '2020-02-10 18:20:07.778000', 'admin', '2020-02-10 18:20:07.778000', null, null, null, 'CONVERTOR');
INSERT INTO PUBLIC.ERP_PRODUCT_CATEGORY (ID, VERSION, CREATE_TS, CREATED_BY, UPDATE_TS, UPDATED_BY, DELETE_TS, DELETED_BY, NAME) VALUES ('e01fd2a5-f45b-d38a-0f99-cb1a13194aa7', 1, '2020-02-10 18:20:07.778000', 'admin', '2020-02-10 18:20:07.778000', null, null, null, 'HD');
INSERT INTO PUBLIC.ERP_PRODUCT_CATEGORY (ID, VERSION, CREATE_TS, CREATED_BY, UPDATE_TS, UPDATED_BY, DELETE_TS, DELETED_BY, NAME) VALUES ('e15873f3-5b11-0620-bcc7-07f07a0e7506', 1, '2020-02-10 18:20:07.780000', 'admin', '2020-02-10 18:20:07.780000', null, null, null, 'POE-INJECTOR');
INSERT INTO PUBLIC.ERP_PRODUCT_CATEGORY (ID, VERSION, CREATE_TS, CREATED_BY, UPDATE_TS, UPDATED_BY, DELETE_TS, DELETED_BY, NAME) VALUES ('e15cea03-12ab-5277-f670-fe966762f62e', 1, '2020-02-10 18:20:07.783000', 'admin', '2020-02-10 18:20:07.783000', null, null, null, 'TRUNKING STICKER');
INSERT INTO PUBLIC.ERP_PRODUCT_CATEGORY (ID, VERSION, CREATE_TS, CREATED_BY, UPDATE_TS, UPDATED_BY, DELETE_TS, DELETED_BY, NAME) VALUES ('e2f3a579-06a7-942a-5de7-09685a3d6211', 1, '2020-02-10 18:20:07.784000', 'admin', '2020-02-10 18:20:07.784000', null, null, null, 'VGACARD');
INSERT INTO PUBLIC.ERP_PRODUCT_CATEGORY (ID, VERSION, CREATE_TS, CREATED_BY, UPDATE_TS, UPDATED_BY, DELETE_TS, DELETED_BY, NAME) VALUES ('e335fb9f-1e97-f39b-1847-8fbc1e76310a', 1, '2020-02-10 18:20:07.782000', 'admin', '2020-02-10 18:20:07.782000', null, null, null, 'SHREDDER');
INSERT INTO PUBLIC.ERP_PRODUCT_CATEGORY (ID, VERSION, CREATE_TS, CREATED_BY, UPDATE_TS, UPDATED_BY, DELETE_TS, DELETED_BY, NAME) VALUES ('e33e09cd-bdcd-5cca-5877-3eba9d6f1d3a', 1, '2020-02-10 18:20:07.798000', 'admin', '2020-02-10 18:20:07.798000', null, null, null, 'SFP');
INSERT INTO PUBLIC.ERP_PRODUCT_CATEGORY (ID, VERSION, CREATE_TS, CREATED_BY, UPDATE_TS, UPDATED_BY, DELETE_TS, DELETED_BY, NAME) VALUES ('e5d223fd-ff93-7561-ff89-edafab009010', 1, '2020-02-10 18:20:07.781000', 'admin', '2020-02-10 18:20:07.781000', null, null, null, 'PROJECTOR');
INSERT INTO PUBLIC.ERP_PRODUCT_CATEGORY (ID, VERSION, CREATE_TS, CREATED_BY, UPDATE_TS, UPDATED_BY, DELETE_TS, DELETED_BY, NAME) VALUES ('e6a8aa9e-2641-a827-ad0c-9ff2f7b45dfa', 1, '2020-02-10 18:20:07.779000', 'admin', '2020-02-10 18:20:07.779000', null, null, null, 'NETWORK:FIBER');
INSERT INTO PUBLIC.ERP_PRODUCT_CATEGORY (ID, VERSION, CREATE_TS, CREATED_BY, UPDATE_TS, UPDATED_BY, DELETE_TS, DELETED_BY, NAME) VALUES ('e6be1401-eb1b-9112-4541-637b827db8f9', 1, '2020-02-10 18:20:07.799000', 'admin', '2020-02-10 18:20:07.799000', null, null, null, 'CCTV:POWER JACK');
INSERT INTO PUBLIC.ERP_PRODUCT_CATEGORY (ID, VERSION, CREATE_TS, CREATED_BY, UPDATE_TS, UPDATED_BY, DELETE_TS, DELETED_BY, NAME) VALUES ('e7ea5d03-8473-26e6-ba34-26ecd74c48c1', 1, '2020-02-10 18:20:07.785000', 'admin', '2020-02-10 18:20:07.785000', null, null, null, 'CABLE:RJ11');
INSERT INTO PUBLIC.ERP_PRODUCT_CATEGORY (ID, VERSION, CREATE_TS, CREATED_BY, UPDATE_TS, UPDATED_BY, DELETE_TS, DELETED_BY, NAME) VALUES ('e83a11d3-7183-16dc-b604-b15938d35a47', 1, '2020-02-10 18:20:07.783000', 'admin', '2020-02-10 18:20:07.783000', null, null, null, 'TEL');
INSERT INTO PUBLIC.ERP_PRODUCT_CATEGORY (ID, VERSION, CREATE_TS, CREATED_BY, UPDATE_TS, UPDATED_BY, DELETE_TS, DELETED_BY, NAME) VALUES ('eaef9f03-911d-400c-aa39-535a1fa6536b', 1, '2020-02-10 18:20:07.774000', 'admin', '2020-02-10 18:20:07.774000', null, null, null, 'MOUSE');
INSERT INTO PUBLIC.ERP_PRODUCT_CATEGORY (ID, VERSION, CREATE_TS, CREATED_BY, UPDATE_TS, UPDATED_BY, DELETE_TS, DELETED_BY, NAME) VALUES ('edd0bec2-267c-8271-341c-f84178919dbb', 1, '2020-02-10 18:20:07.789000', 'admin', '2020-02-10 18:20:07.789000', null, null, null, 'EXTENDER');
INSERT INTO PUBLIC.ERP_PRODUCT_CATEGORY (ID, VERSION, CREATE_TS, CREATED_BY, UPDATE_TS, UPDATED_BY, DELETE_TS, DELETED_BY, NAME) VALUES ('f123074a-e1ee-0653-4719-446ea13d85d0', 1, '2020-02-10 18:20:07.797000', 'admin', '2020-02-10 18:20:07.797000', null, null, null, 'EARPHONE');
INSERT INTO PUBLIC.ERP_PRODUCT_CATEGORY (ID, VERSION, CREATE_TS, CREATED_BY, UPDATE_TS, UPDATED_BY, DELETE_TS, DELETED_BY, NAME) VALUES ('f362e75b-c36a-62eb-2ee1-eebf886c0bb6', 1, '2020-02-10 18:20:07.796000', 'admin', '2020-02-10 18:20:07.796000', null, null, null, 'PLUGS');
INSERT INTO PUBLIC.ERP_PRODUCT_CATEGORY (ID, VERSION, CREATE_TS, CREATED_BY, UPDATE_TS, UPDATED_BY, DELETE_TS, DELETED_BY, NAME) VALUES ('f6c4853c-c0af-105d-b8ae-40e2382e5091', 1, '2020-02-10 18:20:07.775000', 'admin', '2020-02-10 18:20:07.775000', null, null, null, 'WEBCAM');
INSERT INTO PUBLIC.ERP_PRODUCT_CATEGORY (ID, VERSION, CREATE_TS, CREATED_BY, UPDATE_TS, UPDATED_BY, DELETE_TS, DELETED_BY, NAME) VALUES ('f70e7281-fbaa-cda1-bfd9-8307b91212c2', 1, '2020-02-10 18:20:07.795000', 'admin', '2020-02-10 18:20:07.795000', null, null, null, 'PAPER:BARCODE');
INSERT INTO PUBLIC.ERP_PRODUCT_CATEGORY (ID, VERSION, CREATE_TS, CREATED_BY, UPDATE_TS, UPDATED_BY, DELETE_TS, DELETED_BY, NAME) VALUES ('f87959bd-33c4-90a9-1268-fbe496bbfb8a', 1, '2020-02-10 18:20:07.785000', 'admin', '2020-02-10 18:20:07.785000', null, null, null, 'CABLE:REEL');
INSERT INTO PUBLIC.ERP_PRODUCT_CATEGORY (ID, VERSION, CREATE_TS, CREATED_BY, UPDATE_TS, UPDATED_BY, DELETE_TS, DELETED_BY, NAME) VALUES ('f8af9679-01e2-35d1-1fb9-292bc9e18ad5', 1, '2020-02-10 18:20:07.785000', 'admin', '2020-02-10 18:20:07.785000', null, null, null, 'CABLE:HDMI');
INSERT INTO PUBLIC.ERP_PRODUCT_CATEGORY (ID, VERSION, CREATE_TS, CREATED_BY, UPDATE_TS, UPDATED_BY, DELETE_TS, DELETED_BY, NAME) VALUES ('f8e5bd8c-8c50-c130-b4c3-24511669197f', 1, '2020-02-10 18:20:07.798000', 'admin', '2020-02-10 18:20:07.798000', null, null, null, 'Label Manager');
INSERT INTO PUBLIC.ERP_PRODUCT_CATEGORY (ID, VERSION, CREATE_TS, CREATED_BY, UPDATE_TS, UPDATED_BY, DELETE_TS, DELETED_BY, NAME) VALUES ('f94caee5-7d91-23f8-c5e6-762516c7edd2', 1, '2020-02-10 18:20:07.784000', 'admin', '2020-02-10 18:20:07.784000', null, null, null, 'VEROBOARD');
INSERT INTO PUBLIC.ERP_PRODUCT_CATEGORY (ID, VERSION, CREATE_TS, CREATED_BY, UPDATE_TS, UPDATED_BY, DELETE_TS, DELETED_BY, NAME) VALUES ('fd92f3e5-20d6-f43f-3b69-2b3e737bef27', 1, '2020-02-10 18:20:07.782000', 'admin', '2020-02-10 18:20:07.782000', null, null, null, 'RIBBON');
INSERT INTO PUBLIC.ERP_PRODUCT_CATEGORY (ID, VERSION, CREATE_TS, CREATED_BY, UPDATE_TS, UPDATED_BY, DELETE_TS, DELETED_BY, NAME) VALUES ('ff38fc18-f488-0003-cca1-36bb1f7f7326', 1, '2020-02-10 18:20:07.778000', 'admin', '2020-02-10 18:20:07.778000', null, null, null, 'DATA CABINET');
-- end product category init data

--begin make_manufacturer init data
INSERT INTO PUBLIC.ERP_MAKE_MANUFACTURER (ID, VERSION, CREATE_TS, CREATED_BY, UPDATE_TS, UPDATED_BY, DELETE_TS, DELETED_BY, NAME) VALUES ('0060e044-5b37-196a-f9f3-8ad0936957ec', 1, '2020-02-10 18:27:37.084000', 'admin', '2020-02-10 18:27:37.084000', null, null, null, 'ARMOR');
INSERT INTO PUBLIC.ERP_MAKE_MANUFACTURER (ID, VERSION, CREATE_TS, CREATED_BY, UPDATE_TS, UPDATED_BY, DELETE_TS, DELETED_BY, NAME) VALUES ('014ef850-b765-94a3-5031-d20bae27b2f4', 1, '2020-02-10 18:27:37.089000', 'admin', '2020-02-10 18:27:37.089000', null, null, null, 'STRONTIUM');
INSERT INTO PUBLIC.ERP_MAKE_MANUFACTURER (ID, VERSION, CREATE_TS, CREATED_BY, UPDATE_TS, UPDATED_BY, DELETE_TS, DELETED_BY, NAME) VALUES ('025f470d-f8e7-93d1-a2fe-b42fd7a44729', 1, '2020-02-10 18:27:37.084000', 'admin', '2020-02-10 18:27:37.084000', null, null, null, 'ASUS');
INSERT INTO PUBLIC.ERP_MAKE_MANUFACTURER (ID, VERSION, CREATE_TS, CREATED_BY, UPDATE_TS, UPDATED_BY, DELETE_TS, DELETED_BY, NAME) VALUES ('062b6365-5f92-282d-4ffe-9f6e48968acf', 1, '2020-02-10 18:27:37.093000', 'admin', '2020-02-10 18:27:37.093000', null, null, null, 'LOCKTEK');
INSERT INTO PUBLIC.ERP_MAKE_MANUFACTURER (ID, VERSION, CREATE_TS, CREATED_BY, UPDATE_TS, UPDATED_BY, DELETE_TS, DELETED_BY, NAME) VALUES ('098f46dc-1c9c-030b-299c-ea85ef1ff385', 1, '2020-02-10 18:27:37.079000', 'admin', '2020-02-10 18:27:37.079000', null, null, null, 'DYMO');
INSERT INTO PUBLIC.ERP_MAKE_MANUFACTURER (ID, VERSION, CREATE_TS, CREATED_BY, UPDATE_TS, UPDATED_BY, DELETE_TS, DELETED_BY, NAME) VALUES ('0a032688-5a3c-8ab4-b0d8-c712ef22bbaf', 1, '2020-02-10 18:27:37.090000', 'admin', '2020-02-10 18:27:37.090000', null, null, null, 'SP');
INSERT INTO PUBLIC.ERP_MAKE_MANUFACTURER (ID, VERSION, CREATE_TS, CREATED_BY, UPDATE_TS, UPDATED_BY, DELETE_TS, DELETED_BY, NAME) VALUES ('0b64cb23-69d1-a0aa-4a56-d9719186ce05', 1, '2020-02-10 18:27:37.080000', 'admin', '2020-02-10 18:27:37.080000', null, null, null, 'UNIFI');
INSERT INTO PUBLIC.ERP_MAKE_MANUFACTURER (ID, VERSION, CREATE_TS, CREATED_BY, UPDATE_TS, UPDATED_BY, DELETE_TS, DELETED_BY, NAME) VALUES ('0c181a26-43ee-a1e2-59e7-61c418b30b27', 1, '2020-02-10 18:27:37.089000', 'admin', '2020-02-10 18:27:37.089000', null, null, null, 'SONY');
INSERT INTO PUBLIC.ERP_MAKE_MANUFACTURER (ID, VERSION, CREATE_TS, CREATED_BY, UPDATE_TS, UPDATED_BY, DELETE_TS, DELETED_BY, NAME) VALUES ('0d35d102-677e-0481-da0d-30383afcdb32', 1, '2020-02-10 18:27:37.078000', 'admin', '2020-02-10 18:27:37.078000', null, null, null, 'ANTECH');
INSERT INTO PUBLIC.ERP_MAKE_MANUFACTURER (ID, VERSION, CREATE_TS, CREATED_BY, UPDATE_TS, UPDATED_BY, DELETE_TS, DELETED_BY, NAME) VALUES ('0dc7494b-a334-50ff-d994-f92a04b96574', 1, '2020-02-10 18:27:37.092000', 'admin', '2020-02-10 18:27:37.092000', null, null, null, 'MOTOROLA');
INSERT INTO PUBLIC.ERP_MAKE_MANUFACTURER (ID, VERSION, CREATE_TS, CREATED_BY, UPDATE_TS, UPDATED_BY, DELETE_TS, DELETED_BY, NAME) VALUES ('0e295128-1903-3733-934a-e16f88ee4318', 1, '2020-02-10 18:27:37.091000', 'admin', '2020-02-10 18:27:37.091000', null, null, null, 'KINGSTON');
INSERT INTO PUBLIC.ERP_MAKE_MANUFACTURER (ID, VERSION, CREATE_TS, CREATED_BY, UPDATE_TS, UPDATED_BY, DELETE_TS, DELETED_BY, NAME) VALUES ('0e2d2017-8380-bdfd-f6a9-1ab2f9dab2d1', 1, '2020-02-10 18:27:37.084000', 'admin', '2020-02-10 18:27:37.084000', null, null, null, 'ACER');
INSERT INTO PUBLIC.ERP_MAKE_MANUFACTURER (ID, VERSION, CREATE_TS, CREATED_BY, UPDATE_TS, UPDATED_BY, DELETE_TS, DELETED_BY, NAME) VALUES ('10549527-b070-8f4c-f244-8c93ee084a8e', 1, '2020-02-10 18:27:37.091000', 'admin', '2020-02-10 18:27:37.091000', null, null, null, 'TwinMOS');
INSERT INTO PUBLIC.ERP_MAKE_MANUFACTURER (ID, VERSION, CREATE_TS, CREATED_BY, UPDATE_TS, UPDATED_BY, DELETE_TS, DELETED_BY, NAME) VALUES ('10cbc4ca-5632-3768-a816-03f99b29264d', 1, '2020-02-10 18:27:37.079000', 'admin', '2020-02-10 18:27:37.079000', null, null, null, 'FORTINET');
INSERT INTO PUBLIC.ERP_MAKE_MANUFACTURER (ID, VERSION, CREATE_TS, CREATED_BY, UPDATE_TS, UPDATED_BY, DELETE_TS, DELETED_BY, NAME) VALUES ('13967fb8-5482-ca61-81e6-9018194a1418', 1, '2020-02-10 18:27:37.090000', 'admin', '2020-02-10 18:27:37.090000', null, null, null, 'SYNOLOGY');
INSERT INTO PUBLIC.ERP_MAKE_MANUFACTURER (ID, VERSION, CREATE_TS, CREATED_BY, UPDATE_TS, UPDATED_BY, DELETE_TS, DELETED_BY, NAME) VALUES ('14019936-a3f8-7706-f83b-76c4d781ca3b', 1, '2020-02-10 18:27:37.083000', 'admin', '2020-02-10 18:27:37.083000', null, null, null, 'TRENDNET');
INSERT INTO PUBLIC.ERP_MAKE_MANUFACTURER (ID, VERSION, CREATE_TS, CREATED_BY, UPDATE_TS, UPDATED_BY, DELETE_TS, DELETED_BY, NAME) VALUES ('19046a04-5ca7-094e-bff0-8a5ddc660ab4', 1, '2020-02-10 18:27:37.091000', 'admin', '2020-02-10 18:27:37.091000', null, null, null, 'KEMA');
INSERT INTO PUBLIC.ERP_MAKE_MANUFACTURER (ID, VERSION, CREATE_TS, CREATED_BY, UPDATE_TS, UPDATED_BY, DELETE_TS, DELETED_BY, NAME) VALUES ('1c36b014-839f-505b-d738-44ca2da9bd6e', 1, '2020-02-10 18:27:37.084000', 'admin', '2020-02-10 18:27:37.084000', null, null, null, 'CRUCIAL');
INSERT INTO PUBLIC.ERP_MAKE_MANUFACTURER (ID, VERSION, CREATE_TS, CREATED_BY, UPDATE_TS, UPDATED_BY, DELETE_TS, DELETED_BY, NAME) VALUES ('1c4cb8b7-7159-02ef-1d0b-c393a3cb9f47', 1, '2020-02-10 18:27:37.084000', 'admin', '2020-02-10 18:27:37.084000', null, null, null, 'Adobe');
INSERT INTO PUBLIC.ERP_MAKE_MANUFACTURER (ID, VERSION, CREATE_TS, CREATED_BY, UPDATE_TS, UPDATED_BY, DELETE_TS, DELETED_BY, NAME) VALUES ('1df21c14-d508-536c-f75f-75d3f711137b', 1, '2020-02-10 18:27:37.085000', 'admin', '2020-02-10 18:27:37.085000', null, null, null, 'GESTETNER');
INSERT INTO PUBLIC.ERP_MAKE_MANUFACTURER (ID, VERSION, CREATE_TS, CREATED_BY, UPDATE_TS, UPDATED_BY, DELETE_TS, DELETED_BY, NAME) VALUES ('2214ddd5-f5f3-ea70-8513-bef9cb337340', 1, '2020-02-10 18:27:37.078000', 'admin', '2020-02-10 18:27:37.078000', null, null, null, 'ALERATEC');
INSERT INTO PUBLIC.ERP_MAKE_MANUFACTURER (ID, VERSION, CREATE_TS, CREATED_BY, UPDATE_TS, UPDATED_BY, DELETE_TS, DELETED_BY, NAME) VALUES ('222ea473-f10b-a7d4-04b8-f7efc6e55801', 1, '2020-02-10 18:27:37.093000', 'admin', '2020-02-10 18:27:37.093000', null, null, null, 'MANHATTAN');
INSERT INTO PUBLIC.ERP_MAKE_MANUFACTURER (ID, VERSION, CREATE_TS, CREATED_BY, UPDATE_TS, UPDATED_BY, DELETE_TS, DELETED_BY, NAME) VALUES ('22e4c5e9-1df2-894a-89a8-312024bc2e2b', 1, '2020-02-10 18:27:37.083000', 'admin', '2020-02-10 18:27:37.083000', null, null, null, 'TPLINK');
INSERT INTO PUBLIC.ERP_MAKE_MANUFACTURER (ID, VERSION, CREATE_TS, CREATED_BY, UPDATE_TS, UPDATED_BY, DELETE_TS, DELETED_BY, NAME) VALUES ('23be8e7c-d3fb-29a5-97aa-47bcad251a20', 1, '2020-02-10 18:27:37.089000', 'admin', '2020-02-10 18:27:37.089000', null, null, null, 'PAN');
INSERT INTO PUBLIC.ERP_MAKE_MANUFACTURER (ID, VERSION, CREATE_TS, CREATED_BY, UPDATE_TS, UPDATED_BY, DELETE_TS, DELETED_BY, NAME) VALUES ('249e5364-7f58-c2c1-fc91-2e9dfb014462', 1, '2020-02-10 18:27:37.087000', 'admin', '2020-02-10 18:27:37.087000', null, null, null, 'LEXAR');
INSERT INTO PUBLIC.ERP_MAKE_MANUFACTURER (ID, VERSION, CREATE_TS, CREATED_BY, UPDATE_TS, UPDATED_BY, DELETE_TS, DELETED_BY, NAME) VALUES ('249e5cc5-f8f1-c63a-865b-2ac7d2545a73', 1, '2020-02-10 18:27:37.079000', 'admin', '2020-02-10 18:27:37.079000', null, null, null, 'MSI');
INSERT INTO PUBLIC.ERP_MAKE_MANUFACTURER (ID, VERSION, CREATE_TS, CREATED_BY, UPDATE_TS, UPDATED_BY, DELETE_TS, DELETED_BY, NAME) VALUES ('2561780d-8810-0242-ed21-4d6b00f86800', 1, '2020-02-10 18:27:37.091000', 'admin', '2020-02-10 18:27:37.091000', null, null, null, 'TRANSCEND');
INSERT INTO PUBLIC.ERP_MAKE_MANUFACTURER (ID, VERSION, CREATE_TS, CREATED_BY, UPDATE_TS, UPDATED_BY, DELETE_TS, DELETED_BY, NAME) VALUES ('28ae0f03-98f0-c1a0-2fc1-81d700eec402', 1, '2020-02-10 18:27:37.080000', 'admin', '2020-02-10 18:27:37.080000', null, null, null, 'ORICO');
INSERT INTO PUBLIC.ERP_MAKE_MANUFACTURER (ID, VERSION, CREATE_TS, CREATED_BY, UPDATE_TS, UPDATED_BY, DELETE_TS, DELETED_BY, NAME) VALUES ('2cd97746-4fd1-d4e2-fb79-865378bcf828', 1, '2020-02-10 18:27:37.084000', 'admin', '2020-02-10 18:27:37.084000', null, null, null, 'ATX');
INSERT INTO PUBLIC.ERP_MAKE_MANUFACTURER (ID, VERSION, CREATE_TS, CREATED_BY, UPDATE_TS, UPDATED_BY, DELETE_TS, DELETED_BY, NAME) VALUES ('2d3a5c1f-2a88-5d4f-45e8-383978d31816', 1, '2020-02-10 18:27:37.079000', 'admin', '2020-02-10 18:27:37.079000', null, null, null, 'GENIUS');
INSERT INTO PUBLIC.ERP_MAKE_MANUFACTURER (ID, VERSION, CREATE_TS, CREATED_BY, UPDATE_TS, UPDATED_BY, DELETE_TS, DELETED_BY, NAME) VALUES ('2eff4b3a-c703-fda0-b47d-416da916a262', 1, '2020-02-10 18:27:37.088000', 'admin', '2020-02-10 18:27:37.088000', null, null, null, 'OEM');
INSERT INTO PUBLIC.ERP_MAKE_MANUFACTURER (ID, VERSION, CREATE_TS, CREATED_BY, UPDATE_TS, UPDATED_BY, DELETE_TS, DELETED_BY, NAME) VALUES ('3a171deb-5c64-0d93-e4ed-143962bd8b36', 1, '2020-02-10 18:27:37.083000', 'admin', '2020-02-10 18:27:37.083000', null, null, null, 'UGREEN');
INSERT INTO PUBLIC.ERP_MAKE_MANUFACTURER (ID, VERSION, CREATE_TS, CREATED_BY, UPDATE_TS, UPDATED_BY, DELETE_TS, DELETED_BY, NAME) VALUES ('3a8acaca-3d0e-8617-6251-83958f0b29a1', 1, '2020-02-10 18:27:37.091000', 'admin', '2020-02-10 18:27:37.091000', null, null, null, 'VIEWSONIC');
INSERT INTO PUBLIC.ERP_MAKE_MANUFACTURER (ID, VERSION, CREATE_TS, CREATED_BY, UPDATE_TS, UPDATED_BY, DELETE_TS, DELETED_BY, NAME) VALUES ('3dd9aded-2aff-75c1-18aa-b835965775d4', 1, '2020-02-10 18:27:37.085000', 'admin', '2020-02-10 18:27:37.085000', null, null, null, 'EVM');
INSERT INTO PUBLIC.ERP_MAKE_MANUFACTURER (ID, VERSION, CREATE_TS, CREATED_BY, UPDATE_TS, UPDATED_BY, DELETE_TS, DELETED_BY, NAME) VALUES ('3e2ccb3e-c7a2-de3f-b318-82334d4892f2', 1, '2020-02-10 18:27:37.088000', 'admin', '2020-02-10 18:27:37.088000', null, null, null, 'OKI');
INSERT INTO PUBLIC.ERP_MAKE_MANUFACTURER (ID, VERSION, CREATE_TS, CREATED_BY, UPDATE_TS, UPDATED_BY, DELETE_TS, DELETED_BY, NAME) VALUES ('439ae2e4-d622-f52e-46b3-678f25fdf634', 1, '2020-02-10 18:27:37.089000', 'admin', '2020-02-10 18:27:37.089000', null, null, null, 'PLUSTEK');
INSERT INTO PUBLIC.ERP_MAKE_MANUFACTURER (ID, VERSION, CREATE_TS, CREATED_BY, UPDATE_TS, UPDATED_BY, DELETE_TS, DELETED_BY, NAME) VALUES ('43ac4b37-6a39-a5fd-4f1a-362ce386338d', 1, '2020-02-10 18:27:37.085000', 'admin', '2020-02-10 18:27:37.085000', null, null, null, 'DURACELL');
INSERT INTO PUBLIC.ERP_MAKE_MANUFACTURER (ID, VERSION, CREATE_TS, CREATED_BY, UPDATE_TS, UPDATED_BY, DELETE_TS, DELETED_BY, NAME) VALUES ('4406f633-7a84-48e3-4eb9-54f58ee9202e', 1, '2020-02-10 18:27:37.079000', 'admin', '2020-02-10 18:27:37.079000', null, null, null, 'KODAK');
INSERT INTO PUBLIC.ERP_MAKE_MANUFACTURER (ID, VERSION, CREATE_TS, CREATED_BY, UPDATE_TS, UPDATED_BY, DELETE_TS, DELETED_BY, NAME) VALUES ('4b7df2fb-e6d1-3476-b140-8a00d360d554', 1, '2020-02-10 18:27:37.078000', 'admin', '2020-02-10 18:27:37.078000', null, null, null, 'A4TECH');
INSERT INTO PUBLIC.ERP_MAKE_MANUFACTURER (ID, VERSION, CREATE_TS, CREATED_BY, UPDATE_TS, UPDATED_BY, DELETE_TS, DELETED_BY, NAME) VALUES ('4cd27717-a282-458e-34ed-f527ac0c1d89', 1, '2020-02-10 18:27:37.085000', 'admin', '2020-02-10 18:27:37.085000', null, null, null, 'HP');
INSERT INTO PUBLIC.ERP_MAKE_MANUFACTURER (ID, VERSION, CREATE_TS, CREATED_BY, UPDATE_TS, UPDATED_BY, DELETE_TS, DELETED_BY, NAME) VALUES ('4daa9207-8a58-b06d-9498-1c39edd71cab', 1, '2020-02-10 18:27:37.093000', 'admin', '2020-02-10 18:27:37.093000', null, null, null, 'UNIDEN');
INSERT INTO PUBLIC.ERP_MAKE_MANUFACTURER (ID, VERSION, CREATE_TS, CREATED_BY, UPDATE_TS, UPDATED_BY, DELETE_TS, DELETED_BY, NAME) VALUES ('4ddf66cb-b449-2768-3221-5a7e196f1d8e', 1, '2020-02-10 18:27:37.085000', 'admin', '2020-02-10 18:27:37.085000', null, null, null, 'IBM');
INSERT INTO PUBLIC.ERP_MAKE_MANUFACTURER (ID, VERSION, CREATE_TS, CREATED_BY, UPDATE_TS, UPDATED_BY, DELETE_TS, DELETED_BY, NAME) VALUES ('4dee4b03-f449-eb24-4778-df80e58544e8', 1, '2020-02-10 18:27:37.079000', 'admin', '2020-02-10 18:27:37.079000', null, null, null, 'CISCO');
INSERT INTO PUBLIC.ERP_MAKE_MANUFACTURER (ID, VERSION, CREATE_TS, CREATED_BY, UPDATE_TS, UPDATED_BY, DELETE_TS, DELETED_BY, NAME) VALUES ('5047e088-f423-c8e9-e8d1-bb9089e378bf', 1, '2020-02-10 18:27:37.092000', 'admin', '2020-02-10 18:27:37.092000', null, null, null, 'EDGECORE');
INSERT INTO PUBLIC.ERP_MAKE_MANUFACTURER (ID, VERSION, CREATE_TS, CREATED_BY, UPDATE_TS, UPDATED_BY, DELETE_TS, DELETED_BY, NAME) VALUES ('525d9557-d198-62ee-0ab8-0bf7dfbb1832', 1, '2020-02-10 18:27:37.084000', 'admin', '2020-02-10 18:27:37.084000', null, null, null, 'AOC');
INSERT INTO PUBLIC.ERP_MAKE_MANUFACTURER (ID, VERSION, CREATE_TS, CREATED_BY, UPDATE_TS, UPDATED_BY, DELETE_TS, DELETED_BY, NAME) VALUES ('56ea2852-4ea5-e000-33fc-3da3cad284b6', 1, '2020-02-10 18:27:37.089000', 'admin', '2020-02-10 18:27:37.089000', null, null, null, 'SHARP');
INSERT INTO PUBLIC.ERP_MAKE_MANUFACTURER (ID, VERSION, CREATE_TS, CREATED_BY, UPDATE_TS, UPDATED_BY, DELETE_TS, DELETED_BY, NAME) VALUES ('56ef672c-85f1-e01c-2bd3-eaad6bf49c94', 1, '2020-02-10 18:27:37.084000', 'admin', '2020-02-10 18:27:37.084000', null, null, null, 'ALPHA VISION');
INSERT INTO PUBLIC.ERP_MAKE_MANUFACTURER (ID, VERSION, CREATE_TS, CREATED_BY, UPDATE_TS, UPDATED_BY, DELETE_TS, DELETED_BY, NAME) VALUES ('59a90a34-e96f-caaa-b13b-ca6acf4b9432', 1, '2020-02-10 18:27:37.078000', 'admin', '2020-02-10 18:27:37.078000', null, null, null, 'BARIX');
INSERT INTO PUBLIC.ERP_MAKE_MANUFACTURER (ID, VERSION, CREATE_TS, CREATED_BY, UPDATE_TS, UPDATED_BY, DELETE_TS, DELETED_BY, NAME) VALUES ('59eee8f4-16f7-d147-9533-04b2ca68bc56', 1, '2020-02-10 18:27:37.080000', 'admin', '2020-02-10 18:27:37.080000', null, null, null, 'NETGEAR');
INSERT INTO PUBLIC.ERP_MAKE_MANUFACTURER (ID, VERSION, CREATE_TS, CREATED_BY, UPDATE_TS, UPDATED_BY, DELETE_TS, DELETED_BY, NAME) VALUES ('6020ae1f-4cf0-d580-2e4e-17f9b6f66788', 1, '2020-02-10 18:27:37.089000', 'admin', '2020-02-10 18:27:37.089000', null, null, null, 'SAMSUNG');
INSERT INTO PUBLIC.ERP_MAKE_MANUFACTURER (ID, VERSION, CREATE_TS, CREATED_BY, UPDATE_TS, UPDATED_BY, DELETE_TS, DELETED_BY, NAME) VALUES ('6711ae6a-9d8d-1562-325e-c11dcab8e510', 1, '2020-02-10 18:27:37.087000', 'admin', '2020-02-10 18:27:37.087000', null, null, null, 'LENOVO');
INSERT INTO PUBLIC.ERP_MAKE_MANUFACTURER (ID, VERSION, CREATE_TS, CREATED_BY, UPDATE_TS, UPDATED_BY, DELETE_TS, DELETED_BY, NAME) VALUES ('67ff63c3-0a41-debd-124e-0e2ff2476c21', 1, '2020-02-10 18:27:37.092000', 'admin', '2020-02-10 18:27:37.092000', null, null, null, 'TARGUS');
INSERT INTO PUBLIC.ERP_MAKE_MANUFACTURER (ID, VERSION, CREATE_TS, CREATED_BY, UPDATE_TS, UPDATED_BY, DELETE_TS, DELETED_BY, NAME) VALUES ('6a020f1d-d01a-1d2a-ae43-2d6ddba6c9ef', 1, '2020-02-10 18:27:37.089000', 'admin', '2020-02-10 18:27:37.089000', null, null, null, 'PANA');
INSERT INTO PUBLIC.ERP_MAKE_MANUFACTURER (ID, VERSION, CREATE_TS, CREATED_BY, UPDATE_TS, UPDATED_BY, DELETE_TS, DELETED_BY, NAME) VALUES ('6d86bda5-3ef4-7351-f300-59449a5d6246', 1, '2020-02-10 18:27:37.088000', 'admin', '2020-02-10 18:27:37.088000', null, null, null, 'NEC');
INSERT INTO PUBLIC.ERP_MAKE_MANUFACTURER (ID, VERSION, CREATE_TS, CREATED_BY, UPDATE_TS, UPDATED_BY, DELETE_TS, DELETED_BY, NAME) VALUES ('6daf2231-03f2-0828-031b-0ccfdd3f8ce1', 1, '2020-02-10 18:27:37.079000', 'admin', '2020-02-10 18:27:37.079000', null, null, null, 'INTEL');
INSERT INTO PUBLIC.ERP_MAKE_MANUFACTURER (ID, VERSION, CREATE_TS, CREATED_BY, UPDATE_TS, UPDATED_BY, DELETE_TS, DELETED_BY, NAME) VALUES ('7179e8ff-86e4-98f7-e401-04164ac9c1b6', 1, '2020-02-10 18:27:37.088000', 'admin', '2020-02-10 18:27:37.088000', null, null, null, 'MYROS');
INSERT INTO PUBLIC.ERP_MAKE_MANUFACTURER (ID, VERSION, CREATE_TS, CREATED_BY, UPDATE_TS, UPDATED_BY, DELETE_TS, DELETED_BY, NAME) VALUES ('73203835-5266-ea39-17bf-1607eb803a1a', 1, '2020-02-10 18:27:37.092000', 'admin', '2020-02-10 18:27:37.092000', null, null, null, 'DLINK');
INSERT INTO PUBLIC.ERP_MAKE_MANUFACTURER (ID, VERSION, CREATE_TS, CREATED_BY, UPDATE_TS, UPDATED_BY, DELETE_TS, DELETED_BY, NAME) VALUES ('75104b8f-1112-cc22-8e4f-673efbd895dd', 1, '2020-02-10 18:27:37.083000', 'admin', '2020-02-10 18:27:37.083000', null, null, null, 'VERBATIM');
INSERT INTO PUBLIC.ERP_MAKE_MANUFACTURER (ID, VERSION, CREATE_TS, CREATED_BY, UPDATE_TS, UPDATED_BY, DELETE_TS, DELETED_BY, NAME) VALUES ('75d2d946-3481-37f7-6642-60512f24c961', 1, '2020-02-10 18:27:37.087000', 'admin', '2020-02-10 18:27:37.087000', null, null, null, 'LEX');
INSERT INTO PUBLIC.ERP_MAKE_MANUFACTURER (ID, VERSION, CREATE_TS, CREATED_BY, UPDATE_TS, UPDATED_BY, DELETE_TS, DELETED_BY, NAME) VALUES ('78552938-4595-0ec3-16ec-e026122dc085', 1, '2020-02-10 18:27:37.091000', 'admin', '2020-02-10 18:27:37.091000', null, null, null, 'TRANSCENT');
INSERT INTO PUBLIC.ERP_MAKE_MANUFACTURER (ID, VERSION, CREATE_TS, CREATED_BY, UPDATE_TS, UPDATED_BY, DELETE_TS, DELETED_BY, NAME) VALUES ('7ef3f2cd-cc04-c915-c086-4c7c98090ed8', 1, '2020-02-10 18:27:37.085000', 'admin', '2020-02-10 18:27:37.085000', null, null, null, 'FUJITSU');
INSERT INTO PUBLIC.ERP_MAKE_MANUFACTURER (ID, VERSION, CREATE_TS, CREATED_BY, UPDATE_TS, UPDATED_BY, DELETE_TS, DELETED_BY, NAME) VALUES ('8696a41e-8b81-fef9-4845-e601831a31bc', 1, '2020-02-10 18:27:37.084000', 'admin', '2020-02-10 18:27:37.084000', null, null, null, 'DELL');
INSERT INTO PUBLIC.ERP_MAKE_MANUFACTURER (ID, VERSION, CREATE_TS, CREATED_BY, UPDATE_TS, UPDATED_BY, DELETE_TS, DELETED_BY, NAME) VALUES ('87311506-09d7-2654-55f4-e1e84b96bc35', 1, '2020-02-10 18:27:37.090000', 'admin', '2020-02-10 18:27:37.090000', null, null, null, 'SVC');
INSERT INTO PUBLIC.ERP_MAKE_MANUFACTURER (ID, VERSION, CREATE_TS, CREATED_BY, UPDATE_TS, UPDATED_BY, DELETE_TS, DELETED_BY, NAME) VALUES ('8a75226b-85d7-dc70-e0ba-b9d60a78decd', 1, '2020-02-10 18:27:37.092000', 'admin', '2020-02-10 18:27:37.092000', null, null, null, 'IOGEAR');
INSERT INTO PUBLIC.ERP_MAKE_MANUFACTURER (ID, VERSION, CREATE_TS, CREATED_BY, UPDATE_TS, UPDATED_BY, DELETE_TS, DELETED_BY, NAME) VALUES ('8d7d0aca-2202-c9f5-5479-105199912949', 1, '2020-02-10 18:27:37.080000', 'admin', '2020-02-10 18:27:37.080000', null, null, null, 'LEGRAND');
INSERT INTO PUBLIC.ERP_MAKE_MANUFACTURER (ID, VERSION, CREATE_TS, CREATED_BY, UPDATE_TS, UPDATED_BY, DELETE_TS, DELETED_BY, NAME) VALUES ('8dbaa9e8-e9fb-1241-c8f4-17d4017bd936', 1, '2020-02-10 18:27:37.091000', 'admin', '2020-02-10 18:27:37.091000', null, null, null, 'XPRINTER');
INSERT INTO PUBLIC.ERP_MAKE_MANUFACTURER (ID, VERSION, CREATE_TS, CREATED_BY, UPDATE_TS, UPDATED_BY, DELETE_TS, DELETED_BY, NAME) VALUES ('8efc77fa-492c-69ae-85dd-a738be5ad657', 1, '2020-02-10 18:27:37.079000', 'admin', '2020-02-10 18:27:37.079000', null, null, null, 'IMATION');
INSERT INTO PUBLIC.ERP_MAKE_MANUFACTURER (ID, VERSION, CREATE_TS, CREATED_BY, UPDATE_TS, UPDATED_BY, DELETE_TS, DELETED_BY, NAME) VALUES ('8f0426dc-20a0-36a3-f33a-05e292dc46e3', 1, '2020-02-10 18:27:37.080000', 'admin', '2020-02-10 18:27:37.080000', null, null, null, 'UNITEK');
INSERT INTO PUBLIC.ERP_MAKE_MANUFACTURER (ID, VERSION, CREATE_TS, CREATED_BY, UPDATE_TS, UPDATED_BY, DELETE_TS, DELETED_BY, NAME) VALUES ('8f7d72f4-fb54-3a07-b01f-12b48f5819d4', 1, '2020-02-10 18:27:37.085000', 'admin', '2020-02-10 18:27:37.085000', null, null, null, 'GALAX');
INSERT INTO PUBLIC.ERP_MAKE_MANUFACTURER (ID, VERSION, CREATE_TS, CREATED_BY, UPDATE_TS, UPDATED_BY, DELETE_TS, DELETED_BY, NAME) VALUES ('937193e7-ff57-179e-3c07-4b4eb6055c0d', 1, '2020-02-10 18:27:37.079000', 'admin', '2020-02-10 18:27:37.079000', null, null, null, 'ENGENIUS');
INSERT INTO PUBLIC.ERP_MAKE_MANUFACTURER (ID, VERSION, CREATE_TS, CREATED_BY, UPDATE_TS, UPDATED_BY, DELETE_TS, DELETED_BY, NAME) VALUES ('99a5318a-fbea-8b57-ba0c-43bc11115ed9', 1, '2020-02-10 18:27:37.078000', 'admin', '2020-02-10 18:27:37.078000', null, null, null, 'ATEN');
INSERT INTO PUBLIC.ERP_MAKE_MANUFACTURER (ID, VERSION, CREATE_TS, CREATED_BY, UPDATE_TS, UPDATED_BY, DELETE_TS, DELETED_BY, NAME) VALUES ('9b70125d-f45e-46f0-6685-64de73603ddf', 1, '2020-02-10 18:27:37.078000', 'admin', '2020-02-10 18:27:37.078000', null, null, null, '4IPNET');
INSERT INTO PUBLIC.ERP_MAKE_MANUFACTURER (ID, VERSION, CREATE_TS, CREATED_BY, UPDATE_TS, UPDATED_BY, DELETE_TS, DELETED_BY, NAME) VALUES ('a11fbdc6-b998-7aff-f72f-99ab43fd839e', 1, '2020-02-10 18:27:37.080000', 'admin', '2020-02-10 18:27:37.080000', null, null, null, 'PLANTRONICS');
INSERT INTO PUBLIC.ERP_MAKE_MANUFACTURER (ID, VERSION, CREATE_TS, CREATED_BY, UPDATE_TS, UPDATED_BY, DELETE_TS, DELETED_BY, NAME) VALUES ('a2391133-14cc-acd3-d36d-b4299d250c06', 1, '2020-02-10 18:27:37.085000', 'admin', '2020-02-10 18:27:37.085000', null, null, null, 'EPSON');
INSERT INTO PUBLIC.ERP_MAKE_MANUFACTURER (ID, VERSION, CREATE_TS, CREATED_BY, UPDATE_TS, UPDATED_BY, DELETE_TS, DELETED_BY, NAME) VALUES ('a476b348-f0a9-ed0f-6526-67c12678545e', 1, '2020-02-10 18:27:37.079000', 'admin', '2020-02-10 18:27:37.079000', null, null, null, 'HARICOM');
INSERT INTO PUBLIC.ERP_MAKE_MANUFACTURER (ID, VERSION, CREATE_TS, CREATED_BY, UPDATE_TS, UPDATED_BY, DELETE_TS, DELETED_BY, NAME) VALUES ('aaa91544-4c1d-5a4f-ab6e-4b121ddc5ce7', 1, '2020-02-10 18:27:37.091000', 'admin', '2020-02-10 18:27:37.091000', null, null, null, 'XEROX');
INSERT INTO PUBLIC.ERP_MAKE_MANUFACTURER (ID, VERSION, CREATE_TS, CREATED_BY, UPDATE_TS, UPDATED_BY, DELETE_TS, DELETED_BY, NAME) VALUES ('ac00b274-7621-0849-4f1a-1aff80002e8a', 1, '2020-02-10 18:27:37.089000', 'admin', '2020-02-10 18:27:37.089000', null, null, null, 'SANDISK');
INSERT INTO PUBLIC.ERP_MAKE_MANUFACTURER (ID, VERSION, CREATE_TS, CREATED_BY, UPDATE_TS, UPDATED_BY, DELETE_TS, DELETED_BY, NAME) VALUES ('aca93a37-c2a0-c077-59d0-1aee110d6548', 1, '2020-02-10 18:27:37.091000', 'admin', '2020-02-10 18:27:37.091000', null, null, null, 'ZEPPLIN');
INSERT INTO PUBLIC.ERP_MAKE_MANUFACTURER (ID, VERSION, CREATE_TS, CREATED_BY, UPDATE_TS, UPDATED_BY, DELETE_TS, DELETED_BY, NAME) VALUES ('af58c590-3858-936d-08d7-0458f7ca338d', 1, '2020-02-10 18:27:37.083000', 'admin', '2020-02-10 18:27:37.083000', null, null, null, 'VTECH');
INSERT INTO PUBLIC.ERP_MAKE_MANUFACTURER (ID, VERSION, CREATE_TS, CREATED_BY, UPDATE_TS, UPDATED_BY, DELETE_TS, DELETED_BY, NAME) VALUES ('b9876cda-ff3c-f0d9-0ab1-71c2c2258777', 1, '2020-02-10 18:27:37.092000', 'admin', '2020-02-10 18:27:37.092000', null, null, null, 'StarTech');
INSERT INTO PUBLIC.ERP_MAKE_MANUFACTURER (ID, VERSION, CREATE_TS, CREATED_BY, UPDATE_TS, UPDATED_BY, DELETE_TS, DELETED_BY, NAME) VALUES ('bd86af86-3966-b911-f8db-087d94a47d53', 1, '2020-02-10 18:27:37.093000', 'admin', '2020-02-10 18:27:37.093000', null, null, null, 'QNAP');
INSERT INTO PUBLIC.ERP_MAKE_MANUFACTURER (ID, VERSION, CREATE_TS, CREATED_BY, UPDATE_TS, UPDATED_BY, DELETE_TS, DELETED_BY, NAME) VALUES ('bdea215f-603f-0bf7-f4c8-f192c63f22f4', 1, '2020-02-10 18:27:37.083000', 'admin', '2020-02-10 18:27:37.083000', null, null, null, 'AFOX');
INSERT INTO PUBLIC.ERP_MAKE_MANUFACTURER (ID, VERSION, CREATE_TS, CREATED_BY, UPDATE_TS, UPDATED_BY, DELETE_TS, DELETED_BY, NAME) VALUES ('beea1942-5f6d-4a28-c8b8-1d12d047ba55', 1, '2020-02-10 18:27:37.091000', 'admin', '2020-02-10 18:27:37.091000', null, null, null, 'TOSHIBA');
INSERT INTO PUBLIC.ERP_MAKE_MANUFACTURER (ID, VERSION, CREATE_TS, CREATED_BY, UPDATE_TS, UPDATED_BY, DELETE_TS, DELETED_BY, NAME) VALUES ('c144d8e4-3e19-2b96-3648-2e1f3a22a33d', 1, '2020-02-10 18:27:37.089000', 'admin', '2020-02-10 18:27:37.089000', null, null, null, 'OPTOMA');
INSERT INTO PUBLIC.ERP_MAKE_MANUFACTURER (ID, VERSION, CREATE_TS, CREATED_BY, UPDATE_TS, UPDATED_BY, DELETE_TS, DELETED_BY, NAME) VALUES ('c575f463-5a6d-865d-3f4a-679547216596', 1, '2020-02-10 18:27:37.091000', 'admin', '2020-02-10 18:27:37.091000', null, null, null, 'NORTON');
INSERT INTO PUBLIC.ERP_MAKE_MANUFACTURER (ID, VERSION, CREATE_TS, CREATED_BY, UPDATE_TS, UPDATED_BY, DELETE_TS, DELETED_BY, NAME) VALUES ('cb38c8b4-7c2b-2bfa-8633-6ef9d2508536', 1, '2020-02-10 18:27:37.079000', 'admin', '2020-02-10 18:27:37.079000', null, null, null, 'CONNECTIX');
INSERT INTO PUBLIC.ERP_MAKE_MANUFACTURER (ID, VERSION, CREATE_TS, CREATED_BY, UPDATE_TS, UPDATED_BY, DELETE_TS, DELETED_BY, NAME) VALUES ('cddbfb57-81bd-c855-2797-311f520556f4', 1, '2020-02-10 18:27:37.093000', 'admin', '2020-02-10 18:27:37.093000', null, null, null, 'CREATIVE');
INSERT INTO PUBLIC.ERP_MAKE_MANUFACTURER (ID, VERSION, CREATE_TS, CREATED_BY, UPDATE_TS, UPDATED_BY, DELETE_TS, DELETED_BY, NAME) VALUES ('d149e588-4933-e616-8f50-44f7331edc4e', 1, '2020-02-10 18:27:37.083000', 'admin', '2020-02-10 18:27:37.083000', null, null, null, 'ALPHA');
INSERT INTO PUBLIC.ERP_MAKE_MANUFACTURER (ID, VERSION, CREATE_TS, CREATED_BY, UPDATE_TS, UPDATED_BY, DELETE_TS, DELETED_BY, NAME) VALUES ('d31b5b3b-4fc4-494d-c183-9746fa7df339', 1, '2020-02-10 18:27:37.093000', 'admin', '2020-02-10 18:27:37.093000', null, null, null, 'ZOTAC');
INSERT INTO PUBLIC.ERP_MAKE_MANUFACTURER (ID, VERSION, CREATE_TS, CREATED_BY, UPDATE_TS, UPDATED_BY, DELETE_TS, DELETED_BY, NAME) VALUES ('d5e429cf-c924-18d3-26a5-018834cd14a5', 1, '2020-02-10 18:27:37.093000', 'admin', '2020-02-10 18:27:37.093000', null, null, null, 'CASIO');
INSERT INTO PUBLIC.ERP_MAKE_MANUFACTURER (ID, VERSION, CREATE_TS, CREATED_BY, UPDATE_TS, UPDATED_BY, DELETE_TS, DELETED_BY, NAME) VALUES ('de0b7c3e-32e2-8a71-a302-642eaa3587a0', 1, '2020-02-10 18:27:37.080000', 'admin', '2020-02-10 18:27:37.080000', null, null, null, 'MICROSOFT');
INSERT INTO PUBLIC.ERP_MAKE_MANUFACTURER (ID, VERSION, CREATE_TS, CREATED_BY, UPDATE_TS, UPDATED_BY, DELETE_TS, DELETED_BY, NAME) VALUES ('e009a050-6fe7-0f5d-2964-da0bdbb0eb5c', 1, '2020-02-10 18:27:37.085000', 'admin', '2020-02-10 18:27:37.085000', null, null, null, 'HIKVISION');
INSERT INTO PUBLIC.ERP_MAKE_MANUFACTURER (ID, VERSION, CREATE_TS, CREATED_BY, UPDATE_TS, UPDATED_BY, DELETE_TS, DELETED_BY, NAME) VALUES ('e118cdf6-1c64-8f34-9567-7a258ab92d35', 1, '2020-02-10 18:27:37.092000', 'admin', '2020-02-10 18:27:37.092000', null, null, null, 'WD');
INSERT INTO PUBLIC.ERP_MAKE_MANUFACTURER (ID, VERSION, CREATE_TS, CREATED_BY, UPDATE_TS, UPDATED_BY, DELETE_TS, DELETED_BY, NAME) VALUES ('e46c9b67-211c-09a2-d6bf-881ef5f4b995', 1, '2020-02-10 18:27:37.092000', 'admin', '2020-02-10 18:27:37.092000', null, null, null, 'Z-TEK');
INSERT INTO PUBLIC.ERP_MAKE_MANUFACTURER (ID, VERSION, CREATE_TS, CREATED_BY, UPDATE_TS, UPDATED_BY, DELETE_TS, DELETED_BY, NAME) VALUES ('e6467400-8b11-6710-4840-b0d48782319a', 1, '2020-02-10 18:27:37.092000', 'admin', '2020-02-10 18:27:37.092000', null, null, null, 'SEAGATE');
INSERT INTO PUBLIC.ERP_MAKE_MANUFACTURER (ID, VERSION, CREATE_TS, CREATED_BY, UPDATE_TS, UPDATED_BY, DELETE_TS, DELETED_BY, NAME) VALUES ('e9b31949-0910-18b6-21d5-7ef7199a92fa', 1, '2020-02-10 18:27:37.087000', 'admin', '2020-02-10 18:27:37.087000', null, null, null, 'MATRIX');
INSERT INTO PUBLIC.ERP_MAKE_MANUFACTURER (ID, VERSION, CREATE_TS, CREATED_BY, UPDATE_TS, UPDATED_BY, DELETE_TS, DELETED_BY, NAME) VALUES ('ea459b07-2ef1-e23f-0d0d-20d1c4239389', 1, '2020-02-10 18:27:37.085000', 'admin', '2020-02-10 18:27:37.085000', null, null, null, 'GBC');
INSERT INTO PUBLIC.ERP_MAKE_MANUFACTURER (ID, VERSION, CREATE_TS, CREATED_BY, UPDATE_TS, UPDATED_BY, DELETE_TS, DELETED_BY, NAME) VALUES ('ed2565dd-ae23-4716-f762-4dbbc3401982', 1, '2020-02-10 18:27:37.079000', 'admin', '2020-02-10 18:27:37.079000', null, null, null, 'LOGITECH');
INSERT INTO PUBLIC.ERP_MAKE_MANUFACTURER (ID, VERSION, CREATE_TS, CREATED_BY, UPDATE_TS, UPDATED_BY, DELETE_TS, DELETED_BY, NAME) VALUES ('ed75b8af-fe39-8200-bbc1-00feb70300c5', 1, '2020-02-10 18:27:37.089000', 'admin', '2020-02-10 18:27:37.089000', null, null, null, 'OLI');
INSERT INTO PUBLIC.ERP_MAKE_MANUFACTURER (ID, VERSION, CREATE_TS, CREATED_BY, UPDATE_TS, UPDATED_BY, DELETE_TS, DELETED_BY, NAME) VALUES ('ed95be25-18c3-5983-71a7-cf88c9b9fb89', 1, '2020-02-10 18:27:37.085000', 'admin', '2020-02-10 18:27:37.085000', null, null, null, 'GRANDSTREAM');
INSERT INTO PUBLIC.ERP_MAKE_MANUFACTURER (ID, VERSION, CREATE_TS, CREATED_BY, UPDATE_TS, UPDATED_BY, DELETE_TS, DELETED_BY, NAME) VALUES ('ee2be9a4-1e07-b09d-656d-ed46af45180c', 1, '2020-02-10 18:27:37.087000', 'admin', '2020-02-10 18:27:37.087000', null, null, null, 'JAKEMY');
INSERT INTO PUBLIC.ERP_MAKE_MANUFACTURER (ID, VERSION, CREATE_TS, CREATED_BY, UPDATE_TS, UPDATED_BY, DELETE_TS, DELETED_BY, NAME) VALUES ('eefb4a07-8417-44cb-2870-45aeede8042b', 1, '2020-02-10 18:27:37.084000', 'admin', '2020-02-10 18:27:37.084000', null, null, null, 'ADATA');
INSERT INTO PUBLIC.ERP_MAKE_MANUFACTURER (ID, VERSION, CREATE_TS, CREATED_BY, UPDATE_TS, UPDATED_BY, DELETE_TS, DELETED_BY, NAME) VALUES ('f1415e58-ede3-7ff2-c778-ddf33e1d0d16', 1, '2020-02-10 18:27:37.084000', 'admin', '2020-02-10 18:27:37.084000', null, null, null, 'CANON');
INSERT INTO PUBLIC.ERP_MAKE_MANUFACTURER (ID, VERSION, CREATE_TS, CREATED_BY, UPDATE_TS, UPDATED_BY, DELETE_TS, DELETED_BY, NAME) VALUES ('f5ec3f9a-2b90-d1df-2ef3-8091491716fa', 1, '2020-02-10 18:27:37.087000', 'admin', '2020-02-10 18:27:37.087000', null, null, null, 'KIO');
INSERT INTO PUBLIC.ERP_MAKE_MANUFACTURER (ID, VERSION, CREATE_TS, CREATED_BY, UPDATE_TS, UPDATED_BY, DELETE_TS, DELETED_BY, NAME) VALUES ('fbb7f2c8-8793-9fc2-ae12-8ec25d27ce55', 1, '2020-02-10 18:27:37.084000', 'admin', '2020-02-10 18:27:37.084000', null, null, null, 'AVTECH');
INSERT INTO PUBLIC.ERP_MAKE_MANUFACTURER (ID, VERSION, CREATE_TS, CREATED_BY, UPDATE_TS, UPDATED_BY, DELETE_TS, DELETED_BY, NAME) VALUES ('ffb9d44a-0a79-a2fb-7879-2524f3784171', 1, '2020-02-10 18:27:37.083000', 'admin', '2020-02-10 18:27:37.083000', null, null, null, 'ALCATEL');
--end make_manufacturer init data

--begin item data
INSERT INTO PUBLIC.ERP_ITEM (ID, VERSION, CREATE_TS, CREATED_BY, UPDATE_TS, UPDATED_BY, DELETE_TS, DELETED_BY, DTYPE, ITEM, DESCRIPTION, COST, PRICE, APPLY_VAT, VAT_PRICE) VALUES ('022f44d6-83ff-b163-a5a5-280f14e08363', 3, '2020-02-11 20:51:57.685000', 'admin', '2020-02-11 22:36:44.512000', 'admin', null, null, 'PRODUCT', 'Lenovo V100', null, 19000.00, 23000.00, true, 26450.00);
INSERT INTO PUBLIC.ERP_ITEM (ID, VERSION, CREATE_TS, CREATED_BY, UPDATE_TS, UPDATED_BY, DELETE_TS, DELETED_BY, DTYPE, ITEM, DESCRIPTION, COST, PRICE, APPLY_VAT, VAT_PRICE) VALUES ('2332b338-c43f-48f1-9d5b-613538bf5bf6', 3, '2020-02-11 20:51:57.685000', 'admin', '2020-02-11 22:36:27.175000', 'admin', null, null, 'PRODUCT', 'HP 66 Black', null, 600.00, 700.00, true, 805.00);
INSERT INTO PUBLIC.ERP_ITEM (ID, VERSION, CREATE_TS, CREATED_BY, UPDATE_TS, UPDATED_BY, DELETE_TS, DELETED_BY, DTYPE, ITEM, DESCRIPTION, COST, PRICE, APPLY_VAT, VAT_PRICE) VALUES ('385bc185-bda4-e9b6-25ab-9cceb65d0296', 3, '2020-02-11 20:51:57.684000', 'admin', '2020-02-11 22:33:29.910000', 'admin', null, null, 'PRODUCT', 'Elitebook 300V', null, 15000.00, 18000.00, true, 20700.00);
INSERT INTO PUBLIC.ERP_ITEM (ID, VERSION, CREATE_TS, CREATED_BY, UPDATE_TS, UPDATED_BY, DELETE_TS, DELETED_BY, DTYPE, ITEM, DESCRIPTION, COST, PRICE, APPLY_VAT, VAT_PRICE) VALUES ('78871e75-d3d9-71d3-562e-ac4f7c809ceb', 3, '2020-02-11 20:51:57.685000', 'admin', '2020-02-11 22:36:12.697000', 'admin', null, null, 'PRODUCT', 'Ethernet Cable 5M', null, 100.00, 115.00, true, 132.25);
INSERT INTO PUBLIC.ERP_ITEM (ID, VERSION, CREATE_TS, CREATED_BY, UPDATE_TS, UPDATED_BY, DELETE_TS, DELETED_BY, DTYPE, ITEM, DESCRIPTION, COST, PRICE, APPLY_VAT, VAT_PRICE) VALUES ('860e845b-1191-2722-d1cd-671f617700c0', 2, '2020-02-11 20:51:57.684000', 'admin', '2020-02-11 21:01:24.349000', 'admin', null, null, 'PRODUCT', 'MSI GTX400', null, 13000.00, 14000.00, true, 16100.00);
INSERT INTO PUBLIC.ERP_ITEM (ID, VERSION, CREATE_TS, CREATED_BY, UPDATE_TS, UPDATED_BY, DELETE_TS, DELETED_BY, DTYPE, ITEM, DESCRIPTION, COST, PRICE, APPLY_VAT, VAT_PRICE) VALUES ('89ef841c-fd09-e85d-ae00-3ac01138e191', 3, '2020-02-11 20:51:57.685000', 'admin', '2020-02-11 22:36:39.593000', 'admin', null, null, 'PRODUCT', 'HP Spectre x360', null, 22500.00, 24000.00, true, 27600.00);
INSERT INTO PUBLIC.ERP_ITEM (ID, VERSION, CREATE_TS, CREATED_BY, UPDATE_TS, UPDATED_BY, DELETE_TS, DELETED_BY, DTYPE, ITEM, DESCRIPTION, COST, PRICE, APPLY_VAT, VAT_PRICE) VALUES ('cc0dde71-dc42-e98e-e0dd-d11b8b9bcfa8', 3, '2020-02-11 20:51:57.684000', 'admin', '2020-02-11 22:36:34.798000', 'admin', null, null, 'PRODUCT', 'HP ProLiant M110', null, 40000.00, 55000.00, true, 63250.00);
INSERT INTO PUBLIC.ERP_ITEM (ID, VERSION, CREATE_TS, CREATED_BY, UPDATE_TS, UPDATED_BY, DELETE_TS, DELETED_BY, DTYPE, ITEM, DESCRIPTION, COST, PRICE, APPLY_VAT, VAT_PRICE) VALUES ('daad6238-da70-f1b4-89ae-1314c739f23d', 3, '2020-02-11 20:51:57.685000', 'admin', '2020-02-11 22:36:21.115000', 'admin', null, null, 'PRODUCT', 'HP 61 Color', null, 750.00, 800.00, true, 920.00);
INSERT INTO PUBLIC.ERP_ITEM (ID, VERSION, CREATE_TS, CREATED_BY, UPDATE_TS, UPDATED_BY, DELETE_TS, DELETED_BY, DTYPE, ITEM, DESCRIPTION, COST, PRICE, APPLY_VAT, VAT_PRICE) VALUES ('ee01c6a1-5449-f18f-7c5a-22c208c23807', 3, '2020-02-11 20:51:57.683000', 'admin', '2020-02-11 20:59:57.659000', 'admin', null, null, 'PRODUCT', 'Dell G660', null, 15000.00, 18000.00, true, 20700.00);
INSERT INTO PUBLIC.ERP_ITEM (ID, VERSION, CREATE_TS, CREATED_BY, UPDATE_TS, UPDATED_BY, DELETE_TS, DELETED_BY, DTYPE, ITEM, DESCRIPTION, COST, PRICE, APPLY_VAT, VAT_PRICE) VALUES ('fe0496f2-493f-4374-cda3-5e73ee118a5c', 5, '2020-01-30 12:22:45.541000', 'admin', '2020-02-11 22:34:34.318000', 'admin', null, 'admin', 'PRODUCT', 'RJ45 Plug', null, 100.00, 100.00, true, 115.00);
--end item data

--begin product init data
INSERT INTO public.erp_product (id, product_category_id, make_manufacturer_id, qty_store1, qty_store2, qty_store3, qty_total, monitor_stock) VALUES ('2332b338-c43f-48f1-9d5b-613538bf5bf6', '178ee7b9-278c-2868-d693-c4baa87fd175', '4cd27717-a282-458e-34ed-f527ac0c1d89', 15, 0, 0, 15, null);
INSERT INTO public.erp_product (id, product_category_id, make_manufacturer_id, qty_store1, qty_store2, qty_store3, qty_total, monitor_stock) VALUES ('385bc185-bda4-e9b6-25ab-9cceb65d0296', '99fbaba3-e367-ea2d-81f4-e8c1651cd39e', '4cd27717-a282-458e-34ed-f527ac0c1d89', 5, 5, 10, 20, null);
INSERT INTO public.erp_product (id, product_category_id, make_manufacturer_id, qty_store1, qty_store2, qty_store3, qty_total, monitor_stock) VALUES ('78871e75-d3d9-71d3-562e-ac4f7c809ceb', '0c7cce86-e10c-92ea-2e72-7eb67f7de542', 'cb38c8b4-7c2b-2bfa-8633-6ef9d2508536', 5, 10, 0, 15, null);
INSERT INTO public.erp_product (id, product_category_id, make_manufacturer_id, qty_store1, qty_store2, qty_store3, qty_total, monitor_stock) VALUES ('860e845b-1191-2722-d1cd-671f617700c0', 'e2f3a579-06a7-942a-5de7-09685a3d6211', '249e5cc5-f8f1-c63a-865b-2ac7d2545a73', 0, 0, 0, 0, null);
INSERT INTO public.erp_product (id, product_category_id, make_manufacturer_id, qty_store1, qty_store2, qty_store3, qty_total, monitor_stock) VALUES ('cc0dde71-dc42-e98e-e0dd-d11b8b9bcfa8', '3389c284-4f5a-75e2-e2aa-3f0ae1b5eac9', '4cd27717-a282-458e-34ed-f527ac0c1d89', 4, 0, 0, 4, null);
INSERT INTO public.erp_product (id, product_category_id, make_manufacturer_id, qty_store1, qty_store2, qty_store3, qty_total, monitor_stock) VALUES ('daad6238-da70-f1b4-89ae-1314c739f23d', '178ee7b9-278c-2868-d693-c4baa87fd175', '4cd27717-a282-458e-34ed-f527ac0c1d89', 20, 0, 0, 20, null);
INSERT INTO public.erp_product (id, product_category_id, make_manufacturer_id, qty_store1, qty_store2, qty_store3, qty_total, monitor_stock) VALUES ('fe0496f2-493f-4374-cda3-5e73ee118a5c', 'f362e75b-c36a-62eb-2ee1-eebf886c0bb6', null, 10, 10, 10, 30, null);
INSERT INTO public.erp_product (id, product_category_id, make_manufacturer_id, qty_store1, qty_store2, qty_store3, qty_total, monitor_stock) VALUES ('ee01c6a1-5449-f18f-7c5a-22c208c23807', '653421cc-a0e7-b3d1-4a64-9501105f659f', '8696a41e-8b81-fef9-4845-e601831a31bc', 0, 0, 0, 0, true);
INSERT INTO public.erp_product (id, product_category_id, make_manufacturer_id, qty_store1, qty_store2, qty_store3, qty_total, monitor_stock) VALUES ('89ef841c-fd09-e85d-ae00-3ac01138e191', '99fbaba3-e367-ea2d-81f4-e8c1651cd39e', '4cd27717-a282-458e-34ed-f527ac0c1d89', 0, 0, 0, 0, true);
INSERT INTO public.erp_product (id, product_category_id, make_manufacturer_id, qty_store1, qty_store2, qty_store3, qty_total, monitor_stock) VALUES ('022f44d6-83ff-b163-a5a5-280f14e08363', '99fbaba3-e367-ea2d-81f4-e8c1651cd39e', '6711ae6a-9d8d-1562-325e-c11dcab8e510', 0, 0, 0, 0, true);
--end product init data

--begin order data
INSERT INTO public.erp_order (id, version, create_ts, created_by, update_ts, updated_by, delete_ts, deleted_by, order_num, client_id, order_date, delivery_date, total_amount, amount_due, status) VALUES ('c230ad75-9bd6-7498-c080-3bc5780b2dce', 2, '2020-02-04 07:47:07.360000', 'admin', '2020-02-04 07:47:07.360000', null, '2020-02-06 13:55:37.710000', 'admin', 'ORD1', 'a9d94307-bf47-abb5-a7d9-90e06532ecd6', '2020-02-04', null, 115.00, 0.00, 'Quote Request');
INSERT INTO public.erp_order (id, version, create_ts, created_by, update_ts, updated_by, delete_ts, deleted_by, order_num, client_id, order_date, delivery_date, total_amount, amount_due, status) VALUES ('c7e702c8-7b86-a7aa-5092-37df302fb8c3', 4, '2020-02-04 07:47:30.134000', 'admin', '2020-03-04 09:40:40.060000', 'admin', null, null, 'ORD2', '90fe0ef2-b444-84a7-5367-2370fe694a13', '2020-02-03', null, 115.00, 0.00, 'PAID');
INSERT INTO public.erp_order (id, version, create_ts, created_by, update_ts, updated_by, delete_ts, deleted_by, order_num, client_id, order_date, delivery_date, total_amount, amount_due, status) VALUES ('71dc0586-2464-9347-8609-2d7507776695', 6, '2020-02-07 20:45:19.185000', 'admin', '2020-03-04 11:15:10.844000', 'admin', null, null, 'ORD5', 'a9d94307-bf47-abb5-a7d9-90e06532ecd6', '2020-02-07', null, 920.00, -8280.00, 'PARTIALLY_PAID');
INSERT INTO public.erp_order (id, version, create_ts, created_by, update_ts, updated_by, delete_ts, deleted_by, order_num, client_id, order_date, delivery_date, total_amount, amount_due, status) VALUES ('fa73cc8f-2cd9-6663-f3ff-73544999a66f', 5, '2020-02-07 20:44:10.104000', 'admin', '2020-03-04 11:16:05.641000', 'admin', null, null, 'ORD3', '90fe0ef2-b444-84a7-5367-2370fe694a13', '2020-02-04', null, 25875.00, 5875.00, 'PARTIALLY_PAID');
INSERT INTO public.erp_order (id, version, create_ts, created_by, update_ts, updated_by, delete_ts, deleted_by, order_num, client_id, order_date, delivery_date, total_amount, amount_due, status) VALUES ('c28fb5a6-bdcf-fb35-6ff1-4f365f7af573', 8, '2020-02-07 20:44:44.186000', 'admin', '2020-03-04 11:16:51.542000', 'admin', null, null, 'ORD4', 'a9d94307-bf47-abb5-a7d9-90e06532ecd6', '2020-02-05', null, 21275.00, 1700.00, 'PARTIALLY_PAID');
--end order data

--begin order item data
INSERT INTO public.erp_order_item (id, version, create_ts, created_by, update_ts, updated_by, delete_ts, deleted_by, item_id, description, unit_vat_price, quantity, amount, order_id) VALUES ('1b8d204d-15c1-fc57-4eb8-88652368cfdf', 3, '2020-02-07 20:45:19.185000', 'admin', '2020-02-09 10:43:48.114000', 'admin', null, null, 'fe0496f2-493f-4374-cda3-5e73ee118a5c', null, 115.00, 8, 920.00, '71dc0586-2464-9347-8609-2d7507776695');
INSERT INTO public.erp_order_item (id, version, create_ts, created_by, update_ts, updated_by, delete_ts, deleted_by, item_id, description, unit_vat_price, quantity, amount, order_id) VALUES ('5f56314f-72c3-ce9b-f3a6-d469a8571168', 1, '2020-02-06 16:33:36.894000', 'admin', '2020-02-06 16:33:36.894000', null, null, null, 'fe0496f2-493f-4374-cda3-5e73ee118a5c', null, 115.00, 1, 115.00, 'c7e702c8-7b86-a7aa-5092-37df302fb8c3');
INSERT INTO public.erp_order_item (id, version, create_ts, created_by, update_ts, updated_by, delete_ts, deleted_by, item_id, description, unit_vat_price, quantity, amount, order_id) VALUES ('7d7c67c9-ef72-b346-26de-5d6ddf9d9fb3', 1, '2020-02-07 20:44:10.105000', 'admin', '2020-02-07 20:44:10.105000', null, null, null, 'fe0496f2-493f-4374-cda3-5e73ee118a5c', null, 115.00, 10, 1150.00, 'fa73cc8f-2cd9-6663-f3ff-73544999a66f');
INSERT INTO public.erp_order_item (id, version, create_ts, created_by, update_ts, updated_by, delete_ts, deleted_by, item_id, description, unit_vat_price, quantity, amount, order_id) VALUES ('9d3a943d-6516-a791-7ab6-9524e013f2a9', 1, '2020-02-07 20:44:55.591000', 'admin', '2020-02-07 20:44:55.591000', null, null, null, 'fe0496f2-493f-4374-cda3-5e73ee118a5c', null, 115.00, 5, 575.00, 'c28fb5a6-bdcf-fb35-6ff1-4f365f7af573');
INSERT INTO public.erp_order_item (id, version, create_ts, created_by, update_ts, updated_by, delete_ts, deleted_by, item_id, description, unit_vat_price, quantity, amount, order_id) VALUES ('4f7c56bb-0b24-c05d-799b-6bd90f963d40', 1, '2020-03-04 11:11:27.623000', 'admin', '2020-03-04 11:11:27.623000', null, null, null, '2332b338-c43f-48f1-9d5b-613538bf5bf6', null, 805.00, 5, 4025.00, 'fa73cc8f-2cd9-6663-f3ff-73544999a66f');
INSERT INTO public.erp_order_item (id, version, create_ts, created_by, update_ts, updated_by, delete_ts, deleted_by, item_id, description, unit_vat_price, quantity, amount, order_id) VALUES ('2cc22f9a-d8eb-6081-657b-15e63fa6e387', 1, '2020-03-04 11:11:27.623000', 'admin', '2020-03-04 11:11:27.623000', null, null, null, '385bc185-bda4-e9b6-25ab-9cceb65d0296', null, 20700.00, 1, 20700.00, 'fa73cc8f-2cd9-6663-f3ff-73544999a66f');
INSERT INTO public.erp_order_item (id, version, create_ts, created_by, update_ts, updated_by, delete_ts, deleted_by, item_id, description, unit_vat_price, quantity, amount, order_id) VALUES ('122477ba-8ac7-582c-2649-acd3ca56c760', 1, '2020-03-04 11:11:40.891000', 'admin', '2020-03-04 11:11:40.891000', null, null, null, 'ee01c6a1-5449-f18f-7c5a-22c208c23807', null, 20700.00, 1, 20700.00, 'c28fb5a6-bdcf-fb35-6ff1-4f365f7af573');
--end order item data

--begin payment data
INSERT INTO public.erp_payment (id, version, create_ts, created_by, update_ts, updated_by, delete_ts, deleted_by, execution_date, execution_date_invisible, payment_type, amount, cheque_reference, order_id) VALUES ('76968d31-8233-c727-dcc8-92e2137a397c', 1, '2020-03-04 09:40:09.036000', 'admin', '2020-03-04 09:40:09.036000', null, null, null, '2020-03-01 09:39:53.982000', '2020-03-01', 'CASH', 575.00, null, 'c28fb5a6-bdcf-fb35-6ff1-4f365f7af573');
INSERT INTO public.erp_payment (id, version, create_ts, created_by, update_ts, updated_by, delete_ts, deleted_by, execution_date, execution_date_invisible, payment_type, amount, cheque_reference, order_id) VALUES ('2d768b4c-0640-cc62-a40f-016cb8053ec6', 1, '2020-03-04 09:40:40.030000', 'admin', '2020-03-04 09:40:40.030000', null, null, null, '2020-03-04 09:40:20.253000', '2020-03-04', 'CHEQUE', 115.00, '6544677', 'c7e702c8-7b86-a7aa-5092-37df302fb8c3');
INSERT INTO public.erp_payment (id, version, create_ts, created_by, update_ts, updated_by, delete_ts, deleted_by, execution_date, execution_date_invisible, payment_type, amount, cheque_reference, order_id) VALUES ('672f4c55-059b-a854-7319-896544235c06', 1, '2020-03-04 09:41:14.145000', 'admin', '2020-03-04 09:41:14.145000', null, null, null, '2020-02-29 09:40:52.383000', '2020-02-29', 'MCB_JUICE', 200.00, null, '71dc0586-2464-9347-8609-2d7507776695');
INSERT INTO public.erp_payment (id, version, create_ts, created_by, update_ts, updated_by, delete_ts, deleted_by, execution_date, execution_date_invisible, payment_type, amount, cheque_reference, order_id) VALUES ('3137e037-bd46-5ffe-5a18-74d4b58faec4', 2, '2020-03-04 11:13:44.786000', 'admin', '2020-03-04 11:13:54.020000', 'admin', null, null, '2020-03-02 11:13:31.997000', '2020-03-02', 'CASH', 4000.00, null, 'c28fb5a6-bdcf-fb35-6ff1-4f365f7af573');
INSERT INTO public.erp_payment (id, version, create_ts, created_by, update_ts, updated_by, delete_ts, deleted_by, execution_date, execution_date_invisible, payment_type, amount, cheque_reference, order_id) VALUES ('e3401caf-bc19-c397-161d-e2f711755768', 1, '2020-03-04 11:14:19.966000', 'admin', '2020-03-04 11:14:19.966000', null, null, null, '2020-02-27 11:14:03.304000', '2020-02-27', 'CARD', 3000.00, null, '71dc0586-2464-9347-8609-2d7507776695');
INSERT INTO public.erp_payment (id, version, create_ts, created_by, update_ts, updated_by, delete_ts, deleted_by, execution_date, execution_date_invisible, payment_type, amount, cheque_reference, order_id) VALUES ('102e8e60-05ed-e375-4196-965850b4313f', 1, '2020-03-04 11:15:10.649000', 'admin', '2020-03-04 11:15:10.649000', null, null, null, '2020-02-29 11:14:53.678000', '2020-02-29', 'BANK_TRANSFER', 6000.00, null, '71dc0586-2464-9347-8609-2d7507776695');
INSERT INTO public.erp_payment (id, version, create_ts, created_by, update_ts, updated_by, delete_ts, deleted_by, execution_date, execution_date_invisible, payment_type, amount, cheque_reference, order_id) VALUES ('e63485c4-e2c1-f61d-5fcf-3d3ca04ba9ac', 1, '2020-03-04 11:15:30.332000', 'admin', '2020-03-04 11:15:30.332000', null, null, null, '2020-03-04 11:15:20.026000', '2020-03-04', 'MYT_MONEY', 5000.00, null, 'c28fb5a6-bdcf-fb35-6ff1-4f365f7af573');
INSERT INTO public.erp_payment (id, version, create_ts, created_by, update_ts, updated_by, delete_ts, deleted_by, execution_date, execution_date_invisible, payment_type, amount, cheque_reference, order_id) VALUES ('c4b9f537-32f8-7a66-f4e6-14d3a666a6ba', 1, '2020-03-04 11:16:05.622000', 'admin', '2020-03-04 11:16:05.622000', null, null, null, '2020-03-02 11:15:43.925000', '2020-03-02', 'MCB_JUICE', 20000.00, null, 'fa73cc8f-2cd9-6663-f3ff-73544999a66f');
INSERT INTO public.erp_payment (id, version, create_ts, created_by, update_ts, updated_by, delete_ts, deleted_by, execution_date, execution_date_invisible, payment_type, amount, cheque_reference, order_id) VALUES ('d97e35a2-b154-b7da-aa04-ef67973ac89c', 1, '2020-03-04 11:16:51.520000', 'admin', '2020-03-04 11:16:51.520000', null, null, null, '2020-03-01 11:16:36.163000', '2020-03-01', 'CARD', 10000.00, null, 'c28fb5a6-bdcf-fb35-6ff1-4f365f7af573');
--end payment data

--begin sec_filter data
INSERT INTO PUBLIC.SEC_FILTER (ID, CREATE_TS, CREATED_BY, VERSION, UPDATE_TS, UPDATED_BY, DELETE_TS, DELETED_BY, COMPONENT, NAME, CODE, XML, USER_ID, GLOBAL_DEFAULT) VALUES ('b0e70d48-8d6f-8265-4d71-816628ef51f6', '2019-12-14 13:05:30.397000', 'admin', 3, '2019-12-14 13:06:53.967000', 'admin', null, null, '[erp_Employee.browse].filter', 'Skill', null, '<?xml version="1.0" encoding="UTF-8"?>

<filter>
  <and>
    <c name="YqrqzsqqgG" class="com.company.erp.entity.hrm.employee.joined.Employee_Skill" width="1" type="CUSTOM" locCaption="Skill" entityAlias="e"><![CDATA[s.id like :component$filter.YqrqzsqqgG25796]]>
      <param name="component$filter.YqrqzsqqgG25796" javaClass="com.company.erp.entity.hrm.employee.joined.Employee_Skill">NULL</param>
      <join><![CDATA[{E}.skill s]]></join>
    </c>
  </and>
</filter>
', '60885987-1b61-4247-94c7-dff348347f93', false);
--end sec_filter data

--begin sec_user_setting data
INSERT INTO PUBLIC.SEC_USER_SETTING (ID, CREATE_TS, CREATED_BY, USER_ID, CLIENT_TYPE, NAME, VALUE_) VALUES ('12579df6-4fd8-ff69-a855-04aad2a0d97a', '2019-12-31 21:32:11.567000', 'admin', '60885987-1b61-4247-94c7-dff348347f93', 'W', 'erp_Employee.browse', '<?xml version="1.0" encoding="UTF-8"?>

<settings>
  <components>
    <component name="filter">
      <defaultFilter/>
    </component>
    <component name="employeesTable" presentation=""/>
  </components>
</settings>
');
INSERT INTO PUBLIC.SEC_USER_SETTING (ID, CREATE_TS, CREATED_BY, USER_ID, CLIENT_TYPE, NAME, VALUE_) VALUES ('284c5d91-ade2-00cf-a283-aec0eddb13d8', '2020-01-01 18:16:00.681000', 'admin', '60885987-1b61-4247-94c7-dff348347f93', 'W', 'erp_Education.browse', '<?xml version="1.0" encoding="UTF-8"?>

<settings>
  <components>
    <component name="filter">
      <defaultFilter/>
    </component>
    <component name="educationsTable" presentation=""/>
  </components>
</settings>
');
INSERT INTO PUBLIC.SEC_USER_SETTING (ID, CREATE_TS, CREATED_BY, USER_ID, CLIENT_TYPE, NAME, VALUE_) VALUES ('37e00d06-822f-df27-a451-540a8c65b739', '2020-01-01 19:24:31.402000', 'admin', '60885987-1b61-4247-94c7-dff348347f93', 'W', 'sys$ScheduledTask.browse', '<?xml version="1.0" encoding="UTF-8"?>

<settings>
  <components>
    <component name="tasksFilter">
      <defaultFilter/>
    </component>
    <component name="tasksTable" presentation=""/>
  </components>
</settings>
');
INSERT INTO PUBLIC.SEC_USER_SETTING (ID, CREATE_TS, CREATED_BY, USER_ID, CLIENT_TYPE, NAME, VALUE_) VALUES ('5fbf9fa4-3bb3-dae2-0511-e57b195aed6a', '2020-01-01 00:43:35.715000', 'admin', '60885987-1b61-4247-94c7-dff348347f93', 'W', 'erp_ContactPerson.browse', '<?xml version="1.0" encoding="UTF-8"?>

<settings>
  <components>
    <component name="filter">
      <defaultFilter/>
    </component>
    <component name="contactPersonsTable" presentation=""/>
  </components>
</settings>
');
INSERT INTO PUBLIC.SEC_USER_SETTING (ID, CREATE_TS, CREATED_BY, USER_ID, CLIENT_TYPE, NAME, VALUE_) VALUES ('75690f4c-aaa7-ab54-5ca9-1def3a50aced', '2019-12-31 21:31:57.626000', 'admin', '60885987-1b61-4247-94c7-dff348347f93', 'W', 'erp_Country.browse', '<?xml version="1.0" encoding="UTF-8"?>

<settings>
  <components>
    <component name="filter">
      <defaultFilter/>
      <maxResults>50</maxResults>
    </component>
    <component name="countriesTable" presentation=""/>
  </components>
</settings>
');
INSERT INTO PUBLIC.SEC_USER_SETTING (ID, CREATE_TS, CREATED_BY, USER_ID, CLIENT_TYPE, NAME, VALUE_) VALUES ('7aba3bf2-910c-c88a-e75b-b39309d005c3', '2020-01-01 19:03:55.598000', 'admin', '60885987-1b61-4247-94c7-dff348347f93', 'W', 'erp_Skill.browse', '<?xml version="1.0" encoding="UTF-8"?>

<settings>
  <components>
    <component name="filter">
      <defaultFilter/>
      <maxResults>50</maxResults>
    </component>
    <component name="skillsTable" presentation=""/>
  </components>
</settings>
');
INSERT INTO PUBLIC.SEC_USER_SETTING (ID, CREATE_TS, CREATED_BY, USER_ID, CLIENT_TYPE, NAME, VALUE_) VALUES ('a7719c7f-1633-3b62-e695-667265be7eea', '2020-01-01 18:15:33.055000', 'admin', '60885987-1b61-4247-94c7-dff348347f93', 'W', 'erp_City.browse', '<?xml version="1.0" encoding="UTF-8"?>

<settings>
  <components>
    <component name="filter">
      <defaultFilter/>
    </component>
    <component name="citiesTable"/>
  </components>
</settings>
');
INSERT INTO PUBLIC.SEC_USER_SETTING (ID, CREATE_TS, CREATED_BY, USER_ID, CLIENT_TYPE, NAME, VALUE_) VALUES ('d0b8547d-930b-5d1b-2c28-fd1fd344128f', '2020-01-01 18:57:46.085000', 'admin', '60885987-1b61-4247-94c7-dff348347f93', 'W', 'appProperties', '<?xml version="1.0" encoding="UTF-8"?>

<settings>
  <components>
    <component name="paramsTable">
      <columns sortProperty="name" sortAscending="true">
        <columns id="name" width="309" visible="true"/>
        <columns id="displayedCurrentValue" width="264" visible="true"/>
        <columns id="updateTs" width="297" visible="true"/>
        <columns id="updatedBy" width="302" visible="true"/>
      </columns>
    </component>
    <component name="hintBox"/>
  </components>
</settings>
');
INSERT INTO PUBLIC.SEC_USER_SETTING (ID, CREATE_TS, CREATED_BY, USER_ID, CLIENT_TYPE, NAME, VALUE_) VALUES ('d2d5acfd-c4ff-6a23-96dc-c183a1099dd7', '2019-12-31 21:32:20.217000', 'admin', '60885987-1b61-4247-94c7-dff348347f93', 'W', 'erp_Client.browse', '<?xml version="1.0" encoding="UTF-8"?>

<settings>
  <components>
    <component name="filter">
      <defaultFilter/>
    </component>
    <component name="clientsTable" presentation=""/>
  </components>
</settings>
');
INSERT INTO PUBLIC.SEC_USER_SETTING (ID, CREATE_TS, CREATED_BY, USER_ID, CLIENT_TYPE, NAME, VALUE_) VALUES ('f63dd3f4-7f2d-0061-4a88-f550debd5cf6', '2019-12-31 21:32:28.239000', 'admin', '60885987-1b61-4247-94c7-dff348347f93', 'W', 'erp_Product.browse', '<?xml version="1.0" encoding="UTF-8"?>

<settings>
  <components>
    <component name="filter">
      <defaultFilter/>
    </component>
    <component name="productsTable" presentation=""/>
  </components>
</settings>
');
--end sec_user_setting data

--begin sys_config data
INSERT INTO PUBLIC.SYS_CONFIG (ID, CREATE_TS, CREATED_BY, VERSION, UPDATE_TS, UPDATED_BY, NAME, VALUE_) VALUES ('a9c712ff-4927-764c-9612-aa5bf3a01f30', '2020-01-01 18:56:13.677000', 'admin', 1, '2020-01-01 18:56:13.677000', null, 'fts.enabled', 'true');
--end sys_config data

--begin sys_scheduled_task data
INSERT INTO PUBLIC.SYS_SCHEDULED_TASK (ID, CREATE_TS, CREATED_BY, UPDATE_TS, UPDATED_BY, DELETE_TS, DELETED_BY, BEAN_NAME, METHOD_NAME, METHOD_PARAMS, DEFINED_BY, CLASS_NAME, SCRIPT_NAME, USER_NAME, IS_SINGLETON, IS_ACTIVE, PERIOD_, TIMEOUT, START_DATE, TIME_FRAME, START_DELAY, PERMITTED_SERVERS, LOG_START, LOG_FINISH, LAST_START_TIME, LAST_START_SERVER, DESCRIPTION, CRON, SCHEDULING_TYPE) VALUES ('0a237475-5647-c268-6258-7b3727cacbf6', '2020-02-13 22:58:27.836000', 'admin', '2020-02-14 10:34:01.502000', 'admin', null, null, 'cuba_Emailer', 'processQueuedEmails', '<?xml version="1.0" encoding="UTF-8"?>

<params/>
', 'B', null, null, null, true, true, 10, null, null, null, null, null, null, null, '2020-02-14 10:34:01.502000', 'localhost:8080/app-core', null, null, 'P');
INSERT INTO PUBLIC.SYS_SCHEDULED_TASK (ID, CREATE_TS, CREATED_BY, UPDATE_TS, UPDATED_BY, DELETE_TS, DELETED_BY, BEAN_NAME, METHOD_NAME, METHOD_PARAMS, DEFINED_BY, CLASS_NAME, SCRIPT_NAME, USER_NAME, IS_SINGLETON, IS_ACTIVE, PERIOD_, TIMEOUT, START_DATE, TIME_FRAME, START_DELAY, PERMITTED_SERVERS, LOG_START, LOG_FINISH, LAST_START_TIME, LAST_START_SERVER, DESCRIPTION, CRON, SCHEDULING_TYPE) VALUES ('0f5c2c9d-e88e-f87a-7c35-917dc2698779', '2020-01-01 19:17:19.598000', 'admin', '2020-02-14 10:34:00.503000', 'admin', null, null, 'cuba_FtsManager', 'processQueue', '<?xml version="1.0" encoding="UTF-8"?>
<params/>
', 'B', null, null, null, true, true, 30, null, null, null, null, null, null, null, '2020-02-14 10:34:00.503000', 'localhost:8080/app-core', null, null, 'P');
--end sys_scheduled_task data

--begin sys_server data
INSERT INTO PUBLIC.SYS_SERVER (ID, CREATE_TS, CREATED_BY, UPDATE_TS, UPDATED_BY, NAME, IS_RUNNING, DATA) VALUES ('cdd92020-1417-e163-adb4-f50da045cdcf', '2019-12-31 21:31:44.638000', null, '2020-01-01 22:05:30.060000', null, 'localhost:8080/app-core', true, null);
--end sys_server data

--begin custom report groups data
INSERT INTO PUBLIC.REPORT_GROUP (ID, CREATE_TS, CREATED_BY, VERSION, UPDATE_TS, UPDATED_BY, DELETE_TS, DELETED_BY, TITLE, CODE, LOCALE_NAMES) VALUES ('df722037-b421-4c45-bfca-6ad1313d4e62', '2020-02-17 15:41:01.053000', 'admin', 1, '2020-02-17 15:41:01.053000', null, null, null, 'Service Request', null, null);
INSERT INTO PUBLIC.REPORT_GROUP (ID, CREATE_TS, CREATED_BY, VERSION, UPDATE_TS, UPDATED_BY, DELETE_TS, DELETED_BY, TITLE, CODE, LOCALE_NAMES) VALUES ('1a6ab57b-ed9d-58d5-4d76-c9ab81ffea1c', '2020-02-17 16:49:31.304000', 'admin', 2, '2020-02-17 16:49:44.182000', 'admin', null, null, 'Order', null, null);
--end custom report groups data

--begin ddcdi_import_attribute_mapper
--end ddcdi_import_attribute_mapper

--begin ddcdi_import_configuration
--end ddcdi_import_configuration
